id,injection structure,injection dmn fraction,projection dmn fraction,distance coefficient,DMN coefficient,DMN t values,DMN p values,injection core fraction,projection core fraction,core distance coefficient,DMN core coefficient,core t values,core p values
571816813,ORBl,1.0,0.9291993945117196,-0.0018053388209923983,0.0446193545448347,[  -98.85074764    59.36634135 -1792.77645633],[0. 0. 0.],0.9999226975444094,0.861042546829196,-0.0017947075540750684,0.05469764251047624,[ -100.32122995    70.34141432 -1893.79867091],[0. 0. 0.]
572390577,ORBl,0.999656313549078,0.8752503709647502,-0.002646164936779688,0.03846008879668768,[ -122.81965339    42.20887624 -1448.21647811],[0. 0. 0.],0.9816947914022317,0.7659921723396856,-0.002687863754884989,0.0394655275425594,[ -126.53785898    41.57572989 -1516.16346932],[0. 0. 0.]
609157409,PL,0.9999091502446358,0.8434930818498022,-0.004403928082632478,0.035543977264811975,[-114.10902285   23.59745816 -830.85804458],[0.0000000e+000 7.7290993e-123 0.0000000e+000],0.9999091502446358,0.7771756732905096,-0.004373123948483725,0.042127342002888785,[-114.50870054   26.77333472 -869.18979215],[0.00000000e+000 1.89138231e-157 0.00000000e+000]
595259180,RSPagl,0.9384890009285253,0.8322870783505973,-0.0009109000931300055,0.004313275959791661,[  -95.16001585    12.82659924 -3707.17643383],[0.00000000e+00 1.23036162e-37 0.00000000e+00],0.7080874600941824,0.6465711629167311,-0.0009404631397083428,0.0006743670963157149,[-9.64526687e+01  1.86839944e+00 -3.68619722e+03],[0.        0.0617088 0.       ]
521255975,RSPv,0.05365988827998387,0.6003921129899462,-0.0016159948713104293,0.004499294293685261,[ -103.65968921     8.92928871 -2358.17885818],[0.00000000e+00 4.34481431e-19 0.00000000e+00],0.0,0.47117951051609586,-0.001647557859464045,0.00032903161898961675,[-1.04088280e+02  6.10510920e-01 -2.34585222e+03],[0.         0.54152454 0.        ]
555012592,RSPv,1.0,0.8758068927830931,-0.0028360236967999285,0.011744824369351953,[ -125.90787325    15.928652   -1546.51484666],[0.00000000e+00 4.57422886e-57 0.00000000e+00],1.0,0.8536032379713673,-0.0027808306388189775,0.01537902288065636,[ -120.53499904    19.33429304 -1533.7016909 ],[0.00000000e+00 3.67721514e-83 0.00000000e+00]
561511939,RSPv,0.39928813789254564,0.7082943839896619,-0.002408503390097994,0.0068719765542246385,[ -122.17162293    11.73338392 -1903.89397651],[0.00000000e+00 8.93741164e-32 0.00000000e+00],0.03999563780856192,0.5798051173187792,-0.002441541111758911,0.003218108355193352,[ -121.25019134     5.11056703 -1883.3890257 ],[0.00000000e+00 3.21672369e-07 0.00000000e+00]
570071403,RSPv,1.0,0.8720688413707589,-0.0009640955368455048,0.0038469271287404558,[  -84.09228115    10.31069932 -3214.78397359],[0.00000000e+00 6.45304375e-25 0.00000000e+00],1.0,0.8557307984933228,-0.0009426582079288671,0.00535874158959786,[  -80.35783799    13.3403935  -3187.26397971],[0.0000000e+00 1.4378651e-40 0.0000000e+00]
571647261,RSPv,1.0,0.8357667317975447,-0.0035785198868830467,0.009696537106831521,[ -141.74438438    11.71362798 -1352.67592774],[0.00000e+00 1.12853e-31 0.00000e+00],1.0,0.8000393932343915,-0.0035623619305081644,0.01012887966781481,[ -137.66152826    11.31745994 -1338.53004477],[0.00000000e+00 1.11266815e-29 0.00000000e+00]
569623967,TEa,0.0,0.2286280996781507,-0.002000275359121761,-0.014941336795919063,[ -150.16475073   -22.93583787 -2096.38426008],[0.00000000e+000 3.60397596e-116 0.00000000e+000],0.0,0.1558900774365388,-0.0020103630351737487,-0.019460544849273124,[ -151.03647874   -28.29986254 -2114.94430877],[0.00000000e+000 1.29209529e-175 0.00000000e+000]
613898292,VISam,1.0,0.8097996147421205,-0.001165780613996011,0.008480673945531226,[ -102.53873964    20.60191767 -3164.20210453],[0.0000000e+00 3.8078486e-94 0.0000000e+00],0.9686353153734721,0.7133461318153116,-0.001169194590822075,0.007369149728371191,[ -101.12488302    16.72057527 -3162.03256528],[0.00000000e+00 1.08900646e-62 0.00000000e+00]
651703553,VISam,1.0,0.7893280810800405,-0.0006259121778073816,0.0035295868643097595,[  -79.37290178    12.20846852 -4582.07878347],[0.00000000e+00 2.93205858e-34 0.00000000e+00],0.9216377310997251,0.6694439032439582,-0.0006328052398882522,0.002394502802215033,[  -79.0298631      7.75013365 -4584.28237533],[0.00000000e+00 9.24931416e-15 0.00000000e+00]
601885751,VISpor,0.0,0.101816066817798,-0.0006670440227945016,-0.009032722317244342,[  -98.11313544   -28.05020742 -4270.50791084],[0.00000000e+000 1.43281723e-172 0.00000000e+000],0.0,0.0742048333666677,-0.0006730554966713493,-0.009187512731535771,[  -98.95772419   -26.89023579 -4293.01233558],[0.00000000e+000 8.44874084e-159 0.00000000e+000]
526783792,ORBvl,1.0,0.903011487701586,-0.0023048075960546534,0.0364595379417163,[ -108.23534103    42.44165135 -1521.30453643],[0. 0. 0.],1.0,0.8330963454165373,-0.0022832638746129053,0.044841902178550316,[ -109.20303878    50.38506472 -1603.7518462 ],[0. 0. 0.]
617901499,RSPagl,0.995355967175722,0.8017582574464551,-0.0030916746135434135,0.01803422535471188,[ -128.96379776    22.19926588 -1456.81411403],[0.00000000e+000 5.76622195e-109 0.00000000e+000],0.9685877376478981,0.7181309823184548,-0.0030833957745132314,0.017235295588451625,[ -125.23895602    19.52383571 -1441.64008319],[0.00000000e+00 9.30343766e-85 0.00000000e+00]
475830603,RSPv,0.9997448771157873,0.9141132590007572,-0.00341298805444654,0.009542110925141348,[ -125.95348072    11.72654374 -1368.34971791],[0.00000000e+00 9.69231476e-32 0.00000000e+00],0.9997448771157873,0.8938141743029426,-0.0033353479458776516,0.013758790412947957,[ -118.59319726    15.42846822 -1343.3883119 ],[0.00000000e+00 1.18419527e-53 0.00000000e+00]
502592260,VISp,0.022372951426363908,0.22125174793302488,-0.0012304010208179432,-0.012472073288553875,[ -114.21723041   -27.99518935 -2997.35475025],[0.00000000e+000 6.48274008e-172 0.00000000e+000],0.010140401064923778,0.13885661092997584,-0.0012535512138440036,-0.01638353184840509,[ -115.94159399   -34.78093149 -3017.28905347],[0.00000000e+000 9.17263786e-264 0.00000000e+000]
524267323,ORBm,0.9055387382220589,0.7666796799150759,-0.0029450511087789487,0.014799811329184204,[ -119.01172594    14.2936027  -1248.44793747],[0.00000000e+00 2.61371373e-46 0.00000000e+00],0.9055387382220589,0.6931097622116449,-0.0029280960007045565,0.018318335572353732,[ -119.58541269    17.03184737 -1303.37801157],[0.00000000e+00 5.66491492e-65 0.00000000e+00]
523177830,ORBvl,1.0,0.9094297423658487,-0.001367504250142486,0.017109921447168473,[  -92.67593874    28.61950537 -2243.15671984],[0.00000000e+000 1.51675764e-179 0.00000000e+000],1.0,0.8403296122200984,-0.0013567660544804641,0.02001959300580424,[  -92.81113486    32.26090314 -2331.93106669],[0.0000000e+000 2.2619798e-227 0.0000000e+000]
606260719,PL,1.0,0.8977258130345216,-0.0026887738420569977,0.02437133591639884,[ -106.97439876    24.85508346 -1361.22353109],[0.00000000e+000 5.00202607e-136 0.00000000e+000],1.0,0.8702318703038819,-0.0025532079434724734,0.038338408939049946,[ -102.26666827    37.59012409 -1418.6992778 ],[0.00000000e+000 1.85920845e-307 0.00000000e+000]
529428776,TEa,0.0,0.30139352546727566,-0.0009044251083768465,-0.0034838877081287585,[ -106.44868122    -8.53640543 -3444.08846171],[0.00000000e+00 1.40009056e-17 0.00000000e+00],0.0,0.23905417918100466,-0.0009060607824999113,-0.0036962841947782367,[ -106.72114728    -8.63249137 -3468.47007627],[0.00000000e+00 6.07311129e-18 0.00000000e+00]
521617657,TEa,0.0,0.144449527462378,-0.0038485274783517445,-0.041175558777882974,[ -204.45480864   -45.17686815 -1363.28518915],[0. 0. 0.],0.0,0.1004973092818669,-0.0038670378581230442,-0.04101715471353503,[ -205.36847454   -42.78730216 -1375.53658308],[0. 0. 0.]
501837158,VISp,0.00028660195102748776,0.07615463232213351,-0.0003394306147366424,-0.004957704929874163,[  -64.43348022   -22.87877199 -6164.32112405],[0.0000000e+000 1.3222848e-115 0.0000000e+000],0.0,0.04145423091440888,-0.00034595494902386106,-0.005652056867002146,[  -65.33211231   -24.68761247 -6186.75077414],[0.00000000e+000 3.09812265e-134 0.00000000e+000]
601904029,SSp-tr,1.0,0.8217354004992251,-0.0008766317518061261,0.004536041703266663,[  -63.34527909     9.87890016 -2758.91701738],[0.00000000e+00 5.24246542e-23 0.00000000e+00],1.0,0.793044746838888,-0.0008354374972116852,0.007281485300804827,[  -58.66411417    14.66246687 -2738.78605209],[0.00000000e+00 1.23329951e-48 0.00000000e+00]
475829896,ACAd,0.996743224231412,0.9083663421546785,-0.0032073041239608093,0.03828403344816002,[ -76.17306516   30.25049892 -931.14875531],[0.00000000e+000 2.79844193e-200 0.00000000e+000],0.996743224231412,0.8825581587327831,-0.002680481113746181,0.06315724975254311,[ -61.14942617   45.55660033 -932.21762756],[0. 0. 0.]
572595932,RSPagl,0.9996617310512854,0.9445426058882311,-0.0019655198651206116,0.010476216199600288,[ -111.59720395    18.85739168 -2162.2530826 ],[0.00000000e+00 3.30643048e-79 0.00000000e+00],0.9733933702902675,0.9279566597332098,-0.0018675607470050404,0.01631230722395093,[ -102.61531292    26.99935834 -2138.51783094],[0.00000000e+000 4.41861443e-160 0.00000000e+000]
529129011,RSPd,0.9958410309640247,0.7883201686188707,-0.0014914450476956977,-0.0013401777733270531,[ -102.28647211    -2.77894875 -2489.76184296],[0.         0.00545437 0.        ],0.9958410309640247,0.7388679762582037,-0.0015079266583105772,-0.002555508111089474,[ -100.41207561    -4.83346802 -2455.4968061 ],[0.00000000e+00 1.34341485e-06 0.00000000e+00]
475828414,RSPv,1.0,0.9154111818142929,-0.0026080830872979386,0.0015054487990187482,[ -114.97328203     2.34582709 -1735.22869002],[0.         0.01898649 0.        ],1.0,0.9060964119875222,-0.0025225240250469133,0.006008026663559313,[ -106.08651739     8.48204658 -1689.85945701],[0.00000000e+00 2.23672693e-17 0.00000000e+00]
570461017,SSp-ll,0.9996487368169228,0.9404124304896653,-0.001239390079935899,0.009640303365618861,[  -79.57556958    18.16510118 -2460.76588603],[0.00000000e+00 1.21854826e-73 0.00000000e+00],0.9996487368169228,0.9332285950834122,-0.001161009333844285,0.015425474929038995,[  -72.94622393    27.00013752 -2465.72923813],[0.0000000e+000 4.3405358e-160 0.0000000e+000]
572771153,VISrl,0.9998529732404481,0.7977468559135604,-0.0006483298595193779,0.008150999115182281,[  -76.97628116    23.08098396 -4082.50745353],[0.00000000e+000 1.28080935e-117 0.00000000e+000],0.6766620087703582,0.6334384646182804,-0.0006528423742178695,0.0062643861299338756,[  -76.95144345    16.72540442 -4114.69924808],[0.00000000e+00 1.00446963e-62 0.00000000e+00]
591168591,VISam,0.9891881796810627,0.7276252300499079,-0.006627510224961446,0.028544390690383302,[-180.49744849   21.96681449 -840.69589622],[0.00000000e+000 9.71682966e-107 0.00000000e+000],0.8328983529704355,0.6181442129146278,-0.006711293162595721,0.018175093911445644,[-178.7450486    12.93749218 -831.62643167],[0.00000000e+00 2.93291039e-38 0.00000000e+00]
649362978,ACAd,1.0,0.9504222583220221,-0.001795788776967006,0.021036199431393825,[  -83.10100957    28.34518577 -1784.51364876],[0.00000000e+000 3.59668097e-176 0.00000000e+000],1.0,0.9357719355224725,-0.0015837648784722397,0.03559215390250892,[  -72.95073152    45.2899452  -1844.88199892],[0. 0. 0.]
475733382,ACAv,1.0,0.9609354477237572,-0.0024027549475292547,0.02979179475944098,[  -87.70161563    33.1418679  -1426.75800555],[0.00000000e+000 8.62076091e-240 0.00000000e+000],1.0,0.9483300976237786,-0.0021154650408185052,0.04972222496137183,[  -77.41101461    52.61760535 -1488.31541265],[0. 0. 0.]
575683857,PL,1.0,0.8634118779950801,-0.000702067351490253,0.004742920163813622,[  -60.68443383    10.67433033 -3152.1590348 ],[0.00000000e+00 1.37868938e-26 0.00000000e+00],1.0,0.8254753298195491,-0.0006641282765251308,0.008742331815060183,[  -58.0362598     18.9098517  -3303.24018775],[0.00000000e+00 1.22794594e-79 0.00000000e+00]
569932566,ACAv,1.0,0.9735821169971257,-0.002562742289283702,0.03588725165640964,[  -87.56641269    36.27824152 -1305.82320241],[0.00000000e+000 1.21290539e-286 0.00000000e+000],1.0,0.9599366791512969,-0.0022914745501382,0.05694414888160962,[  -78.86014109    54.94035765 -1368.86273744],[0. 0. 0.]
528511254,ACAv,1.0,0.9733259946841534,-0.003194887677732338,0.03929175641816404,[  -91.41310832    34.78799841 -1107.07811651],[0.00000000e+000 7.31716937e-264 0.00000000e+000],1.0,0.9641882662920616,-0.002767048111810251,0.06649220657304038,[  -78.95440374    55.66174466 -1152.64332397],[0. 0. 0.]
475616836,AIv,0.9873646034141937,0.5655232762327619,-0.0041784687111638625,0.011364085016761005,[ -166.5790644     10.55982441 -1099.50048008],[0.00000000e+00 4.69560286e-26 0.00000000e+00],0.0,0.25843530304583767,-0.004294008496285843,-0.02263108900843064,[ -172.67739683   -20.08007972 -1129.72716294],[0.0000000e+00 1.5405949e-89 0.0000000e+00]
484612961,ECT,0.0,0.22565443215802497,-0.0014318424383365598,-0.00802743541755365,[ -121.79075152   -14.19152705 -2384.12481813],[0.00000000e+00 1.12343366e-45 0.00000000e+00],0.0,0.1973602299688818,-0.0014371888649441485,-0.004852298943963757,[ -122.27203123    -8.15178055 -2402.95265349],[0.00000000e+00 3.61931679e-16 0.00000000e+00]
528511967,ECT,0.0,0.1933612767833195,-0.0012862124606687795,-0.011336025629934497,[ -105.30559098   -19.06752906 -2289.20513636],[0.00000000e+00 6.15435271e-81 0.00000000e+00],0.0,0.16417986163402254,-0.0012922775385773224,-0.008533498453315202,[ -105.79821791   -13.63400083 -2308.29514147],[0.00000000e+00 2.69886189e-42 0.00000000e+00]
529435133,ILA,1.0,0.9515754603691414,-0.0005479356129343737,0.0028492895867768893,[  -53.91744005     8.00578462 -3783.11170715],[0.00000000e+00 1.19735245e-15 0.00000000e+00],1.0,0.9365906229268687,-0.000511648375440156,0.0061799173709281225,[  -50.94114859    16.68189632 -3961.68016341],[0.00000000e+00 2.08000796e-62 0.00000000e+00]
592522663,RSPv,0.30314660900316476,0.6193845951077579,-0.0005319060749199378,0.003102128848833473,[  -55.96741538    10.04339787 -3977.75430631],[0.00000000e+00 1.00353946e-23 0.00000000e+00],0.0,0.46405918917376915,-0.0005405346622283647,0.0017436981214779892,[  -55.91454859     5.24834895 -3953.55480517],[0.00000000e+00 1.53725865e-07 0.00000000e+00]
623838656,RSPv,0.0005714576929030734,0.5625066313848593,-0.0007219799259421953,0.003021944606457812,[  -59.75325411     7.78460859 -3143.69319913],[0.00000000e+00 7.04746627e-15 0.00000000e+00],0.0,0.49878743450895374,-0.000721116855521834,0.0027370160587195757,[  -58.72166823     6.57489654 -3129.08466268],[0.00000000e+00 4.88822989e-11 0.00000000e+00]
607059419,ACAd,1.0,0.83414138900234,-0.0045060898980921705,0.07122003876455425,[ -74.23779082   40.42250661 -625.41559857],[0. 0. 0.],1.0,0.7892496415805709,-0.0037730469230652015,0.10319205394120616,[ -59.21722759   53.00233792 -622.82690188],[0. 0. 0.]
607052300,ACAv,1.0,0.9370751625009703,-0.0004968175287935282,0.0006426259730498307,[-4.43475605e+01  2.02746330e+00 -3.89440527e+03],[0.        0.0426172 0.       ],1.0,0.9105737411443927,-0.00046233504080950706,0.0022855991760495596,[  -40.06994081     6.65481008 -3892.86444496],[0.00000000e+00 2.84847594e-11 0.00000000e+00]
479115470,ORBvl,1.0,0.9074865944195998,-0.001519322747856741,0.04426411925380238,[  -76.0140531     54.19960508 -1639.30325886],[0. 0. 0.],1.0,0.8375899488486104,-0.001529778110785443,0.05003707317480644,[  -77.87913972    59.23899903 -1724.0739825 ],[0. 0. 0.]
478678606,VISam,0.8164530690256898,0.8017700870260392,-0.0009763970160006461,0.004791157844271206,[  -87.41274559    12.12093662 -3252.32920168],[0.0000000e+00 8.5530036e-34 0.0000000e+00],0.6506294500908953,0.657350738350492,-0.000991448884992897,0.0027827905122363612,[  -87.17105609     6.57102192 -3243.59375876],[0.00000000e+00 5.01691805e-11 0.00000000e+00]
501786400,VISp,0.00038692591974962443,0.14947719859480402,-0.004564985438510635,-0.050108062514889896,[ -189.21312371   -50.92195584 -1159.16913719],[0. 0. 0.],0.0,0.10324958405235152,-0.004650059281217606,-0.060836752074834306,[ -192.21411322   -58.66096505 -1162.60226639],[0. 0. 0.]
501787135,VISp,0.0,0.09231321512368044,-0.001839935204700495,-0.025979938022066818,[ -130.94479464   -45.08492497 -2218.89820237],[0. 0. 0.],0.0,0.06035899161110721,-0.001873158883625932,-0.02922978907612095,[ -132.71656766   -48.02209185 -2227.91350312],[0. 0. 0.]
623286726,ACAv,1.0,0.963960533921152,-0.0018911419225637544,0.026327761675617272,[  -74.33071936    31.96441593 -1565.7952674 ],[0.00000000e+000 2.82802043e-223 0.00000000e+000],1.0,0.9473180342699444,-0.0016590565560823441,0.04215207311508393,[  -65.31550026    48.71471948 -1628.82073322],[0. 0. 0.]
475617622,ORBm,0.9966127214380381,0.8418921182046184,-0.0020378712961808404,0.04726005713173449,[  -82.62737017    48.11126558 -1314.37708766],[0. 0. 0.],0.9963263545525995,0.7671064770983224,-0.002022436599000207,0.05643797588826121,[  -83.5496855     55.59755213 -1385.12865812],[0. 0. 0.]
664716091,RSPv,0.7236196530215073,0.5250233164283997,-0.003136722230891369,-0.019779166323909667,[ -146.83765625   -27.26435207 -1578.08157075],[0.00000000e+000 3.44511401e-163 0.00000000e+000],0.3606705739387645,0.28242424626538726,-0.0033012821999160924,-0.03803350426087365,[ -153.52399288   -49.51225337 -1575.76974897],[0. 0. 0.]
561986735,VISam,0.8621921502450812,0.717336631698099,-0.004983148410362477,0.015965799323905835,[ -173.38399392    15.58966719 -1111.92798879],[0.00000000e+00 9.66047942e-55 0.00000000e+00],0.7042781200235829,0.605839435900118,-0.005022818449384501,0.010063850551683207,[ -171.69699595     9.16939026 -1106.13612299],[0.00000000e+00 4.82765647e-20 0.00000000e+00]
571653937,VISl,0.0,0.23095125131198957,-0.0033306819351365713,-0.027391238346963942,[ -165.68985234   -29.88670384 -1389.03898016],[0.00000000e+000 1.48744471e-195 0.00000000e+000],0.0,0.16409361394705688,-0.003357969265058946,-0.03464151133327099,[ -167.01689115   -35.86315474 -1400.42893785],[0.00000000e+000 3.30048435e-280 0.00000000e+000]
607321130,ACAd,1.0,0.9608232152854932,-0.0014487341461626826,0.005784466340693923,[  -74.45953442    10.08331056 -2150.4447737 ],[0.00000000e+00 6.68973952e-24 0.00000000e+00],1.0,0.9477410657725003,-0.0012774738570648452,0.013886669606724501,[  -63.06490751    22.09577894 -2134.53985618],[0.00000000e+000 5.63430097e-108 0.00000000e+000]
528741104,ACAd,1.0,0.9406664517061971,-0.002522598797061376,0.03557010196335777,[  -78.06573913    35.89185021 -1240.76380379],[0.00000000e+000 1.17438829e-280 0.00000000e+000],1.0,0.9214020878275969,-0.0020809501649323952,0.05820025668013772,[  -62.75249864    54.35037246 -1258.89960782],[0. 0. 0.]
571401645,ACAd,1.0,0.9286764946030296,-0.003406202997667079,0.03215362016163583,[  -92.45432153    28.9159002  -1068.1987961 ],[0.00000000e+000 3.16379274e-183 0.00000000e+000],1.0,0.9108930673991175,-0.002902302104599469,0.05705633914554182,[  -76.1810755    46.9639046 -1076.8051663],[0. 0. 0.]
572753855,MOs,1.0,0.8724979031437513,-0.002538383707713776,0.02741526465741499,[  -93.52425064    29.35775788 -1366.1166552 ],[0.00000000e+000 8.69517892e-189 0.00000000e+000],1.0,0.8275176578849598,-0.0023622178581861096,0.039022550979209966,[  -85.66996195    38.96154187 -1392.83769067],[0. 0. 0.]
573331541,RSPagl,0.9655220531969964,0.9196770812185875,-0.001883113919750746,0.009102556965972028,[ -115.62955157    17.7980808  -2348.13470837],[0.00000000e+00 8.97325253e-71 0.00000000e+00],0.8908909587169491,0.8750471034159649,-0.0018435977292977912,0.011250098966775904,[ -109.92813585    20.30126457 -2322.66057305],[0.00000000e+00 1.77053574e-91 0.00000000e+00]
553080579,VISl,0.0,0.15139576735395877,-0.0011599743578278546,-0.012477031400301769,[ -121.80191254   -28.86093708 -3105.03147518],[0.000000e+000 1.510807e-182 0.000000e+000],0.0,0.1077312038822045,-0.0011692491750124666,-0.013573903899422259,[ -122.74569215   -29.83684052 -3122.83782632],[0.00000000e+000 6.49500513e-195 0.00000000e+000]
563352720,VISp,0.0,0.2315039497469164,-0.0010709195283621223,-0.010654805130644755,[ -105.12719886   -25.34758711 -3165.61525571],[0.0000000e+000 2.2147201e-141 0.0000000e+000],0.0,0.14762306394547967,-0.0010906480425816783,-0.0137558633386555,[ -106.60552252   -30.98761897 -3178.89324284],[0.00000000e+000 5.14961939e-210 0.00000000e+000]
569993539,MOs,1.0,0.7677655584553572,-0.0023064170290329816,0.004170534417087505,[  -91.52631822     4.59121983 -1415.3792775 ],[0.0000000e+00 4.4109775e-06 0.0000000e+00],1.0,0.7054456962382689,-0.002267570363652158,0.007049804252812129,[  -89.02954788     7.29942011 -1445.97726354],[0.00000000e+00 2.90743436e-13 0.00000000e+00]
657424207,MOs,1.0,0.7469736982431274,-0.002012134977195503,0.01619852891848473,[  -82.23651627    17.92262535 -1448.50686103],[0.00000000e+00 9.69454703e-72 0.00000000e+00],1.0,0.685786821661278,-0.001931225657608589,0.02282755617483721,[  -78.5216869     23.88806556 -1491.1708149 ],[0.00000000e+000 7.90111561e-126 0.00000000e+000]
539323512,VISp,0.18610897720966266,0.33207663398435405,-0.0007283614518834819,-0.004319694924330808,[  -86.11548316   -11.80956554 -3861.26152335],[0.000000e+00 3.626067e-32 0.000000e+00],0.05207441761524964,0.18152924902278514,-0.0007426754398764824,-0.007968878013936637,[  -87.53471751   -20.65015725 -3895.75540216],[0.00000000e+00 1.40965157e-94 0.00000000e+00]
520615681,ORBvl,1.0,0.894439446783736,-0.0028109586330522995,0.046636787376333,[ -110.71019099    45.94580254 -1282.10347475],[0. 0. 0.],1.0,0.8369838259830356,-0.0027346516870944164,0.0613384612125341,[ -109.78269556    58.53847296 -1355.82665831],[0. 0. 0.]
561512675,RSPv,0.9787999121946143,0.9349101152751377,-0.0031420048701008636,0.0019887776738900785,[ -125.8308959      2.82378718 -1561.13837425],[0.         0.00474675 0.        ],0.9787999121946143,0.9282717163432074,-0.0030276264685235353,0.007755811936352389,[ -115.20516438     9.94059651 -1516.58600906],[0.00000000e+00 2.82825214e-23 0.00000000e+00]
616674416,RSPv,1.0,0.9337385644170884,-0.005659788846656246,0.020299932644693926,[-153.75437661   19.07616539 -969.19320554],[0.00000000e+00 5.22737154e-81 0.00000000e+00],1.0,0.9231130133693876,-0.0054075186720860344,0.03347232895819193,[-141.15122145   28.65836535 -954.47400418],[0.00000000e+000 4.98960819e-180 0.00000000e+000]
478877019,ILA,1.0,0.840749795154372,-0.0021100929553701277,0.020114777502396507,[  -89.07951268    21.723792   -1452.67575343],[0.0000000e+000 1.9275007e-104 0.0000000e+000],1.0,0.7826462660452809,-0.002040447392153072,0.02895130969151114,[  -87.19815169    30.10560613 -1526.08418224],[0.00000000e+000 2.17785019e-198 0.00000000e+000]
521954271,ILA,1.0,0.8343240086486431,-0.0015870408076990236,0.007655835415628163,[  -78.75042583    10.19051977 -1791.29898908],[0.00000000e+00 2.23522144e-24 0.00000000e+00],1.0,0.7909064152229109,-0.0015070132822365444,0.01570579340169912,[  -75.6803158     20.1124407  -1881.21112222],[0.00000e+00 8.01293e-90 0.00000e+00]
531397136,VISl,0.0,0.10554909398137903,-0.0019754999590513036,-0.026538106593725866,[ -142.0688928    -41.02596399 -2046.25707234],[0. 0. 0.],0.0,0.06399102751497704,-0.0019933803397365773,-0.028282382490578607,[ -143.313861     -41.43719767 -2059.75073071],[0. 0. 0.]
560965104,VISl,0.0,0.17937817258137703,-0.0024203843389269827,-0.026682360083780828,[ -135.00344486   -32.57403813 -1606.06073092],[0.00000000e+000 9.39877781e-232 0.00000000e+000],0.0,0.13452459084106907,-0.002439855512530043,-0.02904162607338751,[ -135.92233758   -33.62941428 -1618.36783994],[0.0000000e+000 8.3504911e-247 0.0000000e+000]
601804603,ORBl,1.0,0.9124193718346872,-0.0003430286047441247,0.006172378684033773,[  -46.23155995    20.17924198 -4574.7379095 ],[0.00000000e+00 2.08844113e-90 0.00000000e+00],1.0,0.8737616437187735,-0.0003309474948241411,0.008768642893772024,[  -45.33652097    27.699835   -4815.04115516],[0.00000000e+000 2.31348518e-168 0.00000000e+000]
563205064,VISp,0.030611501550165517,0.2876236301222116,-0.0021307760074970898,-0.010988664121008759,[ -126.38665017   -15.24822374 -1838.00701614],[0.00000000e+00 1.88975125e-52 0.00000000e+00],0.0002913461293867599,0.18125493445465088,-0.002163210234255649,-0.018645043037686364,[ -127.91045593   -24.52284912 -1851.11661576],[0.00000000e+000 1.75820761e-132 0.00000000e+000]
546389260,VISp,0.0013334956333784882,0.15898271471607692,-0.005064937605672701,-0.04830100309242284,[ -190.91040297   -44.45758028 -1019.36069063],[0. 0. 0.],0.0,0.09711976515942969,-0.005167548046896346,-0.06555813920112386,[ -194.70073455   -57.41848137 -1023.54119382],[0. 0. 0.]
477435412,ACAd,0.9992059778143151,0.9436361451515631,-0.0012717566898831434,0.01213202260885201,[  -68.97255582    19.53114241 -2146.21681546],[0.00000000e+00 8.02761718e-85 0.00000000e+00],0.9992059778143151,0.9344239506264068,-0.0011056299843153021,0.022750064610302517,[  -59.3559603     34.45572028 -2203.53158252],[0.00000000e+000 6.37572246e-259 0.00000000e+000]
637855050,ACAd,1.0,0.9518297294927469,-0.0007482166506098224,0.005078358641658813,[  -61.15509051    12.56409006 -3319.29987039],[0.00000000e+00 3.50157553e-36 0.00000000e+00],1.0,0.9391489517806767,-0.0006635039399236247,0.010336951410944635,[  -53.58285906    24.01337778 -3393.35661295],[0.00000000e+000 3.96115385e-127 0.00000000e+000]
521955016,ORBvl,1.0,0.9503418702143125,-0.0004930899705065299,0.008416671588472303,[  -52.92909313    22.21298484 -3625.81663152],[0.00000000e+000 4.21928669e-109 0.00000000e+000],1.0,0.9270029401663581,-0.00047042081553662433,0.012451033579669358,[  -51.38205317    31.78188369 -3821.05055793],[0.00000000e+000 9.06844479e-221 0.00000000e+000]
532005897,ORBvl,1.0,0.8296963881422424,-0.00025316470424439447,0.006163956387635685,[  -30.31449687    18.19259012 -4079.63245581],[4.07649123e-201 7.38532006e-074 0.00000000e+000],1.0,0.7899308925143458,-0.00024025969524187264,0.008667647613670984,[  -29.24507219    24.71852512 -4293.46766459],[2.28013652e-187 1.44200819e-134 0.00000000e+000]
617898760,ORBvl,1.0,0.9638064260774686,-0.00036552771454455356,0.0063876580639559795,[  -47.73177604    20.67185372 -4538.73122048],[0.00000000e+00 9.00255953e-95 0.00000000e+00],1.0,0.9178691498645632,-0.0003539981931424736,0.008574890470481985,[  -46.93851682    26.78116601 -4772.39973686],[0.00000000e+000 1.52004363e-157 0.00000000e+000]
526784559,VISp,0.0,0.15825529687821815,-0.0005442501955660634,-0.007116643078645886,[  -80.14528425   -26.0149943  -4885.00502592],[0.00000000e+000 8.50642019e-149 0.00000000e+000],0.0,0.0913491967809441,-0.0005561136418323829,-0.008689695055178533,[  -81.46799257   -30.02512488 -4907.71480014],[0.00000000e+000 2.40117273e-197 0.00000000e+000]
636799953,ORBl,1.0,0.9362637189146235,-0.00022882329751998729,0.004843124441920659,[  -40.75468462    20.25015718 -5914.3288914 ],[0.0000000e+00 4.9880704e-91 0.0000000e+00],0.962280771168872,0.8832672339127992,-0.00022273784582759035,0.006460732184215315,[  -40.27700426    26.07417097 -6216.25426532],[0.00000000e+000 1.83007014e-149 0.00000000e+000]
617900105,ORBvl,1.0,0.9580646015859652,-0.00040520826947966856,0.0060405926122558615,[  -50.43839292    18.54527796 -4296.84459908],[0.00000000e+00 1.13380815e-76 0.00000000e+00],1.0,0.9437384070580309,-0.00038367353614442824,0.009573420100956525,[  -48.55810406    28.4191057  -4526.51535158],[0.00000000e+000 4.41794636e-177 0.00000000e+000]
569904687,RSPv,0.7612609890227249,0.5116674257854035,-0.003240983994967109,-0.02774094413306198,[ -146.22327167   -37.04698269 -1511.21397981],[0.00000000e+000 9.22873856e-299 0.00000000e+000],0.3488181616140641,0.26382067663210695,-0.003419794091859765,-0.045850397001519466,[ -153.33810625   -57.89071048 -1510.90365036],[0. 0. 0.]
560045081,VISam,0.9157102370513155,0.7039795916438847,-0.006372036154705589,0.03314719565500564,[-176.23251604   25.56713121 -839.2766352 ],[0.00000000e+000 8.44408855e-144 0.00000000e+000],0.6745866629833095,0.58965226141378,-0.006368724870504277,0.030625168971715938,[-173.24819222   22.09134201 -837.52206165],[0.00000000e+000 6.21987939e-108 0.00000000e+000]
495346667,VISp,0.0,0.03774380361673795,-0.002041729210319653,-0.031734062068494336,[ -137.52934585   -50.55524981 -1976.2741331 ],[0. 0. 0.],0.0,0.01913322699775117,-0.0020721503657449712,-0.034228568430775964,[ -139.17385341   -51.69242377 -1985.63383093],[0. 0. 0.]
485553574,VISp,0.0,0.16898731734736416,-0.0010329360770207306,-0.012076144098759657,[ -102.04713658   -29.1035659  -3178.53653324],[0.00000000e+000 1.38752875e-185 0.00000000e+000],0.0,0.10716741831900568,-0.0010521238956632702,-0.014814354276413135,[ -103.48261761   -33.79579142 -3197.21946458],[0.00000000e+000 3.19105742e-249 0.00000000e+000]
515920693,VISp,0.0,0.11546314608078247,-0.0010066809800503014,-0.013985401363807236,[ -100.72817716   -33.49045553 -3188.24300235],[0.00000000e+000 8.44731531e-245 0.00000000e+000],0.0,0.08147699189340134,-0.0010213514244419347,-0.01542976284209179,[ -101.77006511   -34.97849993 -3206.63106518],[0.00000000e+000 9.83474991e-267 0.00000000e+000]
561918178,VISp,0.0,0.13774796054044158,-0.0024755516175691667,-0.02731768740180822,[ -136.61683571   -35.60521517 -1652.42728396],[0.00000000e+000 3.02075499e-276 0.00000000e+000],0.0,0.10075481465895865,-0.0025062953429284053,-0.03169350655867078,[ -137.93886402   -39.17624029 -1663.87283511],[0. 0. 0.]
501785691,VISl,0.0,0.052640187691722504,-0.0008300931982901102,-0.013607169961265209,[  -92.5267497    -32.59742941 -3270.42991083],[0.00000000e+000 4.37520433e-232 0.00000000e+000],0.0,0.03903611068056266,-0.0008385281570625349,-0.013571995702137568,[  -93.36394065   -30.87284214 -3290.61142456],[0.00000000e+000 1.73923849e-208 0.00000000e+000]
609475867,ACAd,1.0,0.8946757326811275,-0.0009842060175910437,0.006695548835561992,[  -57.83865657    13.35924004 -2485.22121367],[0.00000000e+00 1.11694652e-40 0.00000000e+00],1.0,0.8632413773795525,-0.000869110634635794,0.012142861301846122,[  -49.1160818    22.1507564 -2465.482208 ],[0.00000000e+000 1.67409926e-108 0.00000000e+000]
604100536,RSPagl,0.9857424311063482,0.6942201987951446,-0.0010359488535825658,0.002104159240670816,[  -84.01058634     4.97886643 -2949.67196369],[0.00000000e+00 6.40439367e-07 0.00000000e+00],0.8609726713529615,0.5702704280452576,-0.0010677974591425026,-0.001080313432978014,[-8.47790146e+01 -2.37910312e+00 -2.93049221e+03],[0.         0.01735634 0.        ]
518605181,RSPd,0.9999937133704072,0.5417632727793249,-0.004226105175022641,-0.04092231129553336,[ -158.56691467   -46.39515955 -1227.47483082],[0. 0. 0.],0.9999937133704072,0.46569424126299436,-0.004406011891397427,-0.052893618242054984,[ -162.10760469   -55.89850656 -1215.07458471],[0. 0. 0.]
536920234,RSPd,0.9963483347125877,0.5720857650220883,-0.0066473451491576175,-0.06398148243955085,[-197.87412014  -54.13861701 -847.85144304],[0. 0. 0.],0.6882095377845291,0.33781567525570366,-0.006941329149927893,-0.09300010855527274,[-205.78900295  -74.50311239 -845.06128514],[0. 0. 0.]
868641659,RSPv,0.18901992653688487,0.3799557844164013,-0.000416155757357224,-0.004596309645019804,[  -44.27883411   -14.70528451 -3964.90316277],[0.00000000e+00 6.56089236e-49 0.00000000e+00],0.15678701564059358,0.26737228681881,-0.0004371757409021185,-0.006567971497466241,[  -45.90821609   -19.71578671 -3957.45675436],[0.0000000e+00 2.1472524e-86 0.0000000e+00]
518012479,VISl,0.0,0.16102279898696614,-0.00196885212376025,-0.024017038475344234,[ -142.92131599   -37.59634314 -2077.05986689],[0.00000000e+000 1.38877425e-307 0.00000000e+000],0.0,0.10927593304366136,-0.0019873595658846293,-0.027409434280785225,[ -144.20781907   -40.77071029 -2093.88259668],[0. 0. 0.]
518013943,VISl,0.0,0.1764444079874892,-0.0012779599973366707,-0.012641572605621411,[ -117.02552495   -25.42854149 -2709.80809232],[0.00000000e+000 2.84976334e-142 0.00000000e+000],0.0,0.140304488084825,-0.0012868937059557896,-0.013327361438407908,[ -117.67740864   -25.44853708 -2727.66209252],[0.00000000e+000 1.71679231e-142 0.00000000e+000]
502590301,VISl,0.0,0.11519408016298535,-0.0021098754599351514,-0.026400642741875043,[ -137.12536537   -37.07243242 -1826.65791812],[0.00000000e+000 3.53797532e-299 0.00000000e+000],0.0,0.08018658400869441,-0.002128723507546357,-0.028846218058737057,[ -138.29689375   -38.4919898  -1839.20242067],[0. 0. 0.]
502955689,VISl,0.0,0.1809251596461809,-0.003898052531955811,-0.041134299124916576,[ -160.11409219   -36.55130926 -1090.28065911],[0.00000000e+000 6.25938698e-291 0.00000000e+000],0.0,0.1371919128169032,-0.003929162232546097,-0.046395150996039004,[ -161.24774279   -39.15821055 -1099.70135148],[0. 0. 0.]
552543088,VISl,0.0,0.12741318538828283,-0.002584890035591205,-0.032642356708071925,[ -156.14344267   -42.44064127 -1641.47000715],[0. 0. 0.],0.0,0.09210316203695841,-0.0026073376836744594,-0.034134863962966056,[ -157.39330587   -42.15984591 -1651.51983862],[0. 0. 0.]
502956560,VISl,0.0,0.06549223436172552,-0.0013804952195646226,-0.020889249141554257,[ -112.0882434    -37.05216801 -2324.13787612],[0.00000000e+000 7.44375061e-299 0.00000000e+000],0.0,0.036657966078092415,-0.0013955905574201553,-0.02228118851024571,[ -113.23321908   -37.54327805 -2337.84133761],[0.00000000e+000 9.99868787e-307 0.00000000e+000]
504176074,VISl,0.0,0.14013843860804928,-0.0033836008487227076,-0.04250961673812817,[ -149.1391682    -40.67725526 -1161.7868483 ],[0. 0. 0.],0.0,0.09571226018822165,-0.00341572934859448,-0.048039984860162005,[ -150.56647924   -43.70549977 -1170.16032895],[0. 0. 0.]
501883865,VISl,0.0,0.1753159872082366,-0.0045502259533242075,-0.051679077025715864,[-163.6522868   -40.39878614 -913.14816469],[0. 0. 0.],0.0,0.1265417835713495,-0.00459286166965184,-0.05955079400104749,[-165.15978202  -44.24300919 -920.00942888],[0. 0. 0.]
572388976,VISl,0.0,0.220182842884183,-0.0015025515243320803,-0.012994925072437718,[ -120.02793466   -22.59599479 -2386.88894781],[0.00000000e+000 8.07308432e-113 0.00000000e+000],0.0,0.1662525189557269,-0.0015135031563733822,-0.014978915311307963,[ -120.73160946   -24.72492411 -2405.03612779],[0.0000000e+000 1.2351031e-134 0.0000000e+000]
568502684,VISpl,0.0,0.1895623902424661,-0.0010941936236465283,-0.009609369846788755,[ -120.92293376   -23.01475696 -3070.72141493],[0.00000000e+000 5.86551246e-117 0.00000000e+000],0.0,0.12165272076065266,-0.0011007868271321903,-0.011879538012201984,[ -121.80650941   -27.08017535 -3086.31123649],[0.00000000e+000 5.01517769e-161 0.00000000e+000]
561506791,VISpm,0.7835604813979449,0.5750384059171634,-0.006221194245358979,-0.003950492310825928,[-179.85198889   -3.1188649  -854.81434486],[0.         0.00181591 0.        ],0.41296096215548317,0.4572835998353838,-0.006300948341561641,-0.013602324763318376,[-179.78029315  -10.07657908 -853.30209846],[0.00000000e+00 7.16389906e-24 0.00000000e+00]
592724077,RSPv,0.468675307096844,0.589811034677039,-0.000698186190095152,0.0002397563328045723,[-6.83193727e+01  7.24451728e-01 -3.66420073e+03],[0.         0.46878983 0.        ],0.06522409238307984,0.41122262702242757,-0.0007187557992466531,-0.0020695467489093644,[  -69.25440196    -5.85406569 -3648.12611044],[0.00000000e+00 4.80911337e-09 0.00000000e+00]
666090944,RSPv,0.7356957661253578,0.4885941152729947,-0.003799445399707634,-0.029656461265582752,[ -164.92369797   -37.30649888 -1406.95702813],[0.00000000e+000 6.50352768e-303 0.00000000e+000],0.3450474606137723,0.2824897178733288,-0.00396624103296613,-0.04740207034576086,[ -171.12832609   -56.36426003 -1406.52318912],[0. 0. 0.]
560029094,VISli,0.0,0.13889921927119295,-0.002968921662961937,-0.04024284766316481,[ -169.65561735   -48.12060094 -1517.22242186],[0. 0. 0.],0.0,0.0974842361417578,-0.0029959800903090147,-0.0428273013760204,[ -171.20292424   -48.70545969 -1527.34694083],[0. 0. 0.]
543297033,VISp,0.0,0.1077689664280184,-0.0012677536697870753,-0.019363741542333144,[ -101.55014002   -34.34211317 -2398.16755011],[0.00000000e+000 3.16059599e-257 0.00000000e+000],0.0,0.07615260939665897,-0.0012837226637442052,-0.020568984169473874,[ -102.66518974   -34.57459689 -2410.28861864],[0.00000000e+000 1.12539641e-260 0.00000000e+000]
531443949,RSPv,0.43596832649384304,0.3333750025155995,-0.0038683340318263716,-0.03513640399978479,[ -181.68759155   -44.87937288 -1436.32895434],[0. 0. 0.],0.0,0.14280532910546725,-0.00401214940620903,-0.053667182956849524,[ -188.25487052   -65.13529283 -1442.44970151],[0. 0. 0.]
561307215,RSPv,1.0,0.5422589039252894,-0.003971574744531105,-0.03539810696119333,[ -165.91383189   -42.45100085 -1316.76883228],[0. 0. 0.],0.70731604938979,0.35570046416910284,-0.004160364642151755,-0.05437321934882688,[ -172.67102853   -61.62202912 -1314.91181788],[0. 0. 0.]
591394174,VISa,0.9923629171107746,0.8585569904994972,-0.00035444301920450227,0.00397884083666049,[  -60.25989757    18.23029739 -6255.52946652],[0.00000000e+00 3.71792525e-74 0.00000000e+00],0.874587949222109,0.7619380512991943,-0.0003525136222313109,0.0038765662199239455,[  -59.12029353    16.6590409  -6277.28770722],[0.00000000e+00 3.04556113e-62 0.00000000e+00]
523180728,VISl,0.0,0.25266737949841916,-0.004078977184400606,-0.029549569219530787,[-149.52239708  -24.17920746 -960.45212129],[0.00000000e+000 7.44086402e-129 0.00000000e+000],0.0,0.19058049030961854,-0.004115058304174916,-0.03831654379679115,[-150.64780537  -29.82216438 -966.69608671],[0.00000000e+000 1.02231425e-194 0.00000000e+000]
539511058,VISp,0.0,0.06761986105080504,-0.0006156065305780568,-0.010135101822676502,[  -86.31549185   -34.31467054 -4591.36658896],[0.00000000e+000 7.83936597e-257 0.00000000e+000],0.0,0.042549493759009384,-0.0006249761289406392,-0.010781461537445141,[  -87.21748491   -34.54156297 -4618.21815991],[0.0000000e+000 3.3990094e-260 0.0000000e+000]
565146821,VISp,0.0,0.10865201856016901,-0.002953202933805754,-0.034289972859906794,[ -157.25415905   -44.5122631  -1570.96332074],[0. 0. 0.],0.0,0.07133038944740094,-0.0029991326737209456,-0.04075043856608805,[ -159.34494626   -50.19814353 -1580.36410835],[0. 0. 0.]
605093074,VISpm,0.9451923446902787,0.6361770595769911,-0.0015740288937013231,-0.0007152861080153058,[-1.21646246e+02 -1.48384276e+00 -2.65915194e+03],[0.        0.1378532 0.       ],0.8349249972509144,0.5089214601968315,-0.0016102113140648074,-0.005305344132063911,[ -122.84657494   -10.33010253 -2661.68492088],[0.00000000e+00 5.27344925e-25 0.00000000e+00]
571652998,MOs,0.9978471367352882,0.8468914947166926,-0.0038072401174656097,0.04223731113854051,[ -85.32927529   31.07410067 -844.11299307],[0.00000000e+000 3.57032132e-211 0.00000000e+000],0.9978471367352882,0.7982634782109306,-0.003371674164054264,0.06269088574197941,[ -72.24763379   41.89666461 -838.53847942],[0. 0. 0.]
573977678,MOs,1.0,0.8865779751241599,-0.0026321242465081225,0.014769241812546572,[  -87.59281871    16.16817436 -1303.39758316],[0.00000000e+00 9.72552113e-59 0.00000000e+00],1.0,0.848131479736563,-0.0024092000255011414,0.025347658412257106,[  -76.54471516    25.1797978  -1286.57826247],[0.00000000e+000 1.50957222e-139 0.00000000e+000]
525412369,RSPv,1.0,0.756542337136062,-0.0009192381523695775,-0.0020879973920629805,[  -79.23691626    -5.73981811 -3278.40048653],[0.00000000e+00 9.49999005e-09 0.00000000e+00],1.0,0.7034065673045804,-0.0009373636345260991,-0.003190017435768711,[  -78.17699528    -8.06435629 -3222.1440472 ],[0.00000000e+00 7.42769246e-16 0.00000000e+00]
574637452,VISp,0.0,0.11288210629001096,-0.0016601280684706604,-0.0204977222414061,[ -125.69938545   -37.80717066 -2356.49672365],[0. 0. 0.],0.0,0.06613971763803737,-0.0016902682611677595,-0.02453461408501423,[ -127.539437     -42.87025427 -2367.49942241],[0. 0. 0.]
501711996,VISp,0.0,0.08451565272237023,-0.0038268527277923662,-0.051065580326519686,[ -173.32540173   -55.22599421 -1277.67023991],[0. 0. 0.],0.0,0.04140512390851963,-0.003896957677109778,-0.0614784934779887,[ -176.3933499    -63.14982881 -1285.83184793],[0. 0. 0.]
571410278,VISpor,0.0,0.13758255674573863,-0.002907850818692618,-0.03153604473706439,[ -182.10934735   -43.0298654  -1636.32082402],[0. 0. 0.],0.0,0.0874381607473314,-0.002931161835751756,-0.036908624938690876,[ -183.941532     -47.95777883 -1645.97021873],[0. 0. 0.]
