id,injection structure,injection dmn fraction,projection dmn fraction,distance coefficient,DMN coefficient,DMN t values,DMN p values,injection core fraction,projection core fraction,core distance coefficient,DMN core coefficient,core t values,core p values
180073473,AUDpo,0.0001863916717647922,0.11156979518817392,-0.0032409470315106353,-0.044717269675331545,[ -164.11202437   -46.82154833 -1381.19390031],[0. 0. 0.],0.0,0.02813917800638325,-0.003270884476963479,-0.05636087083044938,[ -166.31366442   -56.32515696 -1395.21113705],[0. 0. 0.]
307297141,VISp,0.0,0.1724248678064545,-0.010454437623329699,-0.07569654947592072,[-236.96373934  -38.74891936 -431.05433348],[0. 0. 0.],0.0,0.1134681903626449,-0.010553064248133136,-0.101191533751049,[-239.65344886  -49.33004812 -431.7614973 ],[0. 0. 0.]
180917660,VISC,0.0,0.16933979856910134,-0.007295122169780042,-0.36448467033674437,[-111.00543341 -116.35293836 -223.39677908],[0. 0. 0.],0.0,0.04465707723516061,-0.0073424933587092735,-0.4763678601791692,[-115.23526371 -149.08387653 -231.37487051],[0. 0. 0.]
174360333,SSs,0.0,0.05869316929537816,-0.004762034157895495,-0.17707355101540023,[-131.03318437 -103.60574816 -702.20597439],[0. 0. 0.],0.0,0.004160422501052211,-0.004767819219171899,-0.19120791856394392,[-131.49830494 -106.58782008 -721.82194891],[0. 0. 0.]
100140949,RSPv,0.987124752505583,0.8454739116184465,-0.017231551953735436,0.018167224388847436,[-260.02930257    9.19871113 -343.26822957],[0.00000000e+00 3.67691842e-20 0.00000000e+00],0.987124752505583,0.8006700798165299,-0.017205987864188376,0.01822888654668775,[-248.68435536    8.40290519 -334.43794327],[0.00000000e+00 4.40117278e-17 0.00000000e+00]
100141454,MOs,0.9977302638915092,0.8643149469400768,-0.006630120515120984,0.08856844864056401,[-145.69883682   50.06980863 -647.04678708],[0. 0. 0.],0.9977302638915092,0.7846023043083759,-0.006637073931901591,0.09268781153904238,[-145.8871281    49.81786892 -665.94444353],[0. 0. 0.]
272916202,VISpl,0.0,0.0799491778054911,-0.0008821260955200784,-0.011396113501509708,[  -87.42696721   -25.01267344 -2878.40472718],[0.00000000e+000 9.84452583e-138 0.00000000e+000],0.0,0.06746023869351252,-0.0008917296075619287,-0.011122802335741144,[  -88.3583889    -23.19943409 -2886.83353326],[0.00000000e+000 8.30676496e-119 0.00000000e+000]
113887162,VISp,0.5574173961393655,0.4853834059783623,-0.011430252446065613,0.03380890475561721,[-220.66833811   15.97703274 -415.90944882],[0.00000000e+00 2.11017253e-57 0.00000000e+00],0.33165776254676776,0.3581817533203092,-0.011522448092015749,0.006819857002717866,[-220.63904118    3.03846093 -412.04870364],[0.        0.0023784 0.       ]
180296424,VISp,0.0,0.19286199321086636,-0.014353576917504867,-0.06990951556654715,[-265.57991231  -28.64231222 -230.46727401],[0.00000000e+000 7.80638015e-180 0.00000000e+000],0.0,0.13364862278033632,-0.014425409113396272,-0.09080881273596025,[-267.24655408  -35.40859044 -230.32567706],[0.00000000e+000 3.00525459e-273 0.00000000e+000]
180404418,GU,0.0,0.021655548778515575,-0.000642253435316549,-0.014012735610115401,[  -76.78222718   -37.153594   -3894.72603425],[0.00000000e+000 1.78860571e-300 0.00000000e+000],0.0,0.009737690226320726,-0.0006395074124883066,-0.01304063233713118,[  -76.37178124   -32.82990211 -3965.68659712],[0.00000000e+000 2.30565265e-235 0.00000000e+000]
112596790,AId,0.7394728640375734,0.4052394682696749,-0.010432982348340303,-0.19581135012976866,[-171.87994528  -73.13153533 -289.47068742],[0. 0. 0.],0.0,0.06293859688820848,-0.010753760396435733,-0.3593166056167676,[-186.61036678 -134.35776171 -298.11780548],[0. 0. 0.]
272697944,MOp,0.11092187595222718,0.17937475112726575,-0.006764670769092349,-0.2091153726691225,[-163.83108567 -117.147998   -623.73106054],[0. 0. 0.],0.0,0.012992375668997951,-0.006939040583897001,-0.2645230505953423,[-173.33533405 -145.28153815 -659.69728457],[0. 0. 0.]
126861679,VISam,0.9794923540570679,0.6716447937026838,-0.013887205199408613,0.08246719401142244,[-213.54184027   36.45736686 -333.05615664],[0.00000000e+000 1.85527619e-289 0.00000000e+000],0.8791470536916849,0.5833732183190297,-0.013759481570841892,0.08696298355443066,[-207.27327792   35.79905763 -331.41260115],[0.0000000e+000 3.1407173e-279 0.0000000e+000]
146858006,AUDp,0.05185735100043736,0.23396032845759454,-0.006361372098687257,-0.06748186678413176,[-156.08772007  -33.85931013 -544.90605729],[0.00000000e+000 3.76357633e-250 0.00000000e+000],0.0,0.11558149959637166,-0.006405462101157753,-0.08617477271633021,[-157.54132514  -41.19620596 -549.27593788],[0. 0. 0.]
180601025,SSp-un,0.5932882488684761,0.4831613990735242,-0.0024351669820624824,-0.013644152927618614,[ -108.32590597   -17.76460544 -1691.00149126],[0.00000000e+00 1.62769794e-70 0.00000000e+00],0.5916005592917795,0.4038148882828665,-0.002469304812838767,-0.016970880300498203,[ -108.83041477   -20.80871788 -1700.44363463],[0.00000000e+00 5.28321238e-96 0.00000000e+00]
180720175,MOp,0.946344657613214,0.7612519716164488,-0.011095162475444896,0.16283274385114113,[-107.5279967    50.48585291 -238.41012144],[0. 0. 0.],0.946344657613214,0.7290007229675969,-0.00932784114830133,0.2599625068061841,[ -87.97143794   74.55406015 -254.47649581],[0. 0. 0.]
141603190,MOs,0.99897190824509,0.7707645574865571,-0.0065975872779759775,0.2626727091226081,[ -75.22660275   88.6932171  -340.91902762],[0. 0. 0.],0.99897190824509,0.7151237865857999,-0.005607247218582072,0.32671710205485727,[ -63.42358948  104.02125689 -357.17415606],[0. 0. 0.]
100141563,MOp,0.9441700718768187,0.6128849640413373,-0.009711138189833704,-0.06691235524924014,[-163.991551    -32.91358039 -489.25760868],[0.0000000e+000 1.5048399e-236 0.0000000e+000],0.8519089040124868,0.5440916849955283,-0.009664042438813684,-0.06115573801420729,[-159.76300491  -27.99187832 -494.22996882],[0.00000000e+000 7.07344015e-172 0.00000000e+000]
127866392,SSp-bfd,0.002649834981549907,0.2547823008057955,-0.005991082408404585,-0.07201218400604364,[-117.87289365  -31.54339072 -492.707331  ],[0.00000000e+000 1.63487939e-217 0.00000000e+000],0.0,0.19208344992186807,-0.0060213718922201755,-0.06828234177362041,[-117.99105105  -28.31494571 -499.6673852 ],[0.00000000e+000 8.31440126e-176 0.00000000e+000]
146593590,ACAd,0.998008816055909,0.8593128570337459,-0.007271527606356441,0.2832488693157864,[ -67.74748464   90.21254214 -312.5621288 ],[0. 0. 0.],0.998008816055909,0.820335380671579,-0.004674402301658817,0.397826394527387,[ -42.26245688  116.87279541 -333.2680749 ],[0. 0. 0.]
127084296,MOp,0.9241735060547358,0.5110347666129934,-0.014153864415892857,-0.17411947204475456,[-159.23111206  -57.36512733 -232.41640062],[0. 0. 0.],0.8318557054975629,0.43211122225091736,-0.01427162800016256,-0.18008597159128345,[-157.48141199  -55.31505589 -236.073234  ],[0. 0. 0.]
146858755,VISl,0.016151544268640464,0.26855932603800103,-0.006345782119644006,-0.020038113075806163,[-177.77902847  -12.33998359 -693.31470226],[0.00000000e+00 5.78573792e-35 0.00000000e+00],0.0,0.20036351866887958,-0.006385363817227466,-0.034982969036128464,[-178.66848452  -20.45226097 -696.25015508],[0.00000000e+00 8.18650552e-93 0.00000000e+00]
100147853,VISp,0.0,0.08808640989782614,-0.0046367033160188385,-0.05574619892674754,[ -190.69394979   -53.32505174 -1092.50975002],[0. 0. 0.],0.0,0.05197452736933518,-0.004708422879862728,-0.06726664475783944,[ -193.76479454   -61.19945598 -1097.93516833],[0. 0. 0.]
180709942,MOs,0.2627796099659639,0.2031738573822005,-0.014581368505690178,-0.5262878728068121,[-201.90839678 -164.96779383 -165.47710075],[0. 0. 0.],0.0,0.02144410978470763,-0.014848247619836906,-0.6503570017079208,[-216.76812519 -204.29216708 -178.22712467],[0. 0. 0.]
307321674,VISp,0.0,0.16785555002643823,-0.01147394954401101,-0.08131743329610741,[-249.83912034  -39.91398009 -379.86170419],[0. 0. 0.],0.0,0.1121658553128884,-0.011578352697590923,-0.11002715025501336,[-252.77965861  -51.46939305 -380.09040294],[0. 0. 0.]
180709230,ORBl,0.8680279727304303,0.662877764474346,-0.014757650464560929,0.09129601329463893,[-237.53116836   34.39423181 -250.19602767],[0.00000000e+000 5.18777932e-258 0.00000000e+000],0.34963293392330297,0.4054615278667459,-0.015348916036258112,-0.0023983954062807844,[-248.6465319    -0.8644022  -241.34018701],[0.         0.38736867 0.        ]
304586645,VISp,0.20979688578787276,0.2758766202051753,-0.005716099021356089,-0.04192537966919868,[-187.80068409  -32.89366352 -893.56602581],[0.00000000e+000 2.88324329e-236 0.00000000e+000],0.0010572726688210905,0.133354995552699,-0.005830148483686109,-0.06537887243629775,[-191.49400959  -48.74283492 -896.75480818],[0. 0. 0.]
112514202,ACAv,0.9998872323225236,0.926697387521551,-0.0064887222438903686,0.20759304480831908,[ -94.83453124   90.95057182 -497.44876951],[0. 0. 0.],0.9998872323225236,0.8997949236982261,-0.005360345600742236,0.2828222499198436,[ -79.0351472   118.81912003 -533.28096467],[0. 0. 0.]
307558646,VISp,0.06583746388465177,0.2815976235565401,-0.012859851091454608,-0.038122456612038946,[-247.42270019  -17.09155873 -340.51601846],[0.00000000e+00 2.04129361e-65 0.00000000e+00],0.00010839518236299333,0.1902664154268838,-0.012978009007576848,-0.07211782866500871,[-249.37607731  -30.69350727 -338.54913848],[0.00000000e+000 4.18292066e-206 0.00000000e+000]
112951804,SSp-bfd,0.0,0.31921903051381373,-0.00967706961554439,-0.08371748431279424,[-151.72848249  -29.73213886 -306.88342561],[0.00000000e+000 1.43472442e-193 0.00000000e+000],0.0,0.2550259059961576,-0.00968575423657689,-0.07031812245504473,[-151.19042617  -23.63223586 -313.21026248],[0.00000000e+000 3.38567215e-123 0.00000000e+000]
307320960,VISp,0.0,0.12776861402763262,-0.010182132470094042,-0.09168936239817932,[-247.42308393  -51.18673387 -469.97680843],[0. 0. 0.],0.0,0.08012491766424294,-0.010298519567671359,-0.1167447579283441,[-251.01620295  -62.13857734 -471.10812245],[0. 0. 0.]
180673746,ORBl,0.2775256810768892,0.6131750529658626,-0.00834391240198449,0.0021115454421497537,[-197.77273009    1.13864385 -541.88181865],[0.         0.25485394 0.        ],0.057164044556696686,0.391525748557043,-0.008846217281541717,-0.07147293828546811,[-213.25438201  -37.25913468 -549.68002069],[0.00000000e+000 3.67164024e-302 0.00000000e+000]
180719293,MOs,0.2931853694583288,0.2590374848260994,-0.01750453747659483,-0.513184545714467,[-252.50900499 -167.42059671 -122.00890182],[0. 0. 0.],0.01989641621837662,0.05954087057015479,-0.017826510958970834,-0.6411165544663946,[-273.08767149 -211.12603253 -130.54937922],[0. 0. 0.]
126908007,SSp-n,0.0,0.1038317627294011,-0.006437104477012586,-0.270702212946573,[-125.16220022 -118.50539028 -476.26250738],[0. 0. 0.],0.0,0.05869820653126609,-0.006517916310562216,-0.2703620996032558,[-125.53763474 -111.43833288 -487.80614862],[0. 0. 0.]
157062358,VISpor,0.0,0.07543823258776489,-0.005621394101024902,-0.0975201061252674,[-196.29522523  -71.64054839 -792.86673973],[0. 0. 0.],0.0,0.038825783843886894,-0.005689911947454189,-0.10610315187172613,[-199.19844531  -74.27927982 -798.54849114],[0. 0. 0.]
157654817,SSp-m,0.0,0.06092749789198806,-0.006814380859396743,-0.3349948005578362,[-126.74540543 -135.70225615 -411.56188656],[0. 0. 0.],0.0,0.0030888177695797487,-0.0068282206514191975,-0.37417756738322083,[-128.39130135 -145.64948288 -431.65352491],[0. 0. 0.]
307743253,VISp,8.931783540567805e-05,0.2178270949105097,-0.011531900314851316,-0.04572171398276792,[-229.97443574  -20.46151245 -364.60032896],[0.00000000e+00 6.77624175e-93 0.00000000e+00],0.0,0.14598191612516445,-0.011607965375952607,-0.07119064087562058,[-231.46192119  -30.27909325 -364.50237346],[0.00000000e+000 1.18334308e-200 0.00000000e+000]
272737914,AId,0.003806722227836239,0.2510638035742115,-0.010258513792778241,-0.1334942891809088,[-306.04870821  -90.45845927 -628.76235929],[0. 0. 0.],0.0,0.08431382198905295,-0.010287073716626974,-0.1777674981527925,[-314.05292762 -117.16656987 -657.01533172],[0. 0. 0.]
100141796,VISli,0.0,0.20591844105711393,-0.012038858538545631,-0.06439156665239991,[-221.98355907  -25.36191523 -258.99413739],[0.00000000e+000 1.53651105e-141 0.00000000e+000],0.0,0.14832004978195243,-0.012089230766771843,-0.0730675459162588,[-223.07098636  -27.37451688 -260.25573996],[0.00000000e+000 1.72061242e-164 0.00000000e+000]
139426984,ACAd,0.9993568724964168,0.928477505886546,-0.006753949766707401,0.17414578713298218,[ -81.91899869   72.1602125  -436.5372742 ],[0. 0. 0.],0.9993568724964168,0.9028210177981987,-0.004723277515453213,0.26721772132561694,[ -55.93452773  102.75897332 -461.81286507],[0. 0. 0.]
116903968,VISl,6.252215168829462e-05,0.2571121280310459,-0.009035205500030445,-0.02277462101236849,[-218.65051396  -12.1117902  -519.35779546],[0.00000000e+00 9.56105838e-34 0.00000000e+00],0.0,0.18389771934510715,-0.009079179881025936,-0.04173681700658449,[-219.56779922  -21.08366138 -520.68359865],[0.00000000e+00 1.67882724e-98 0.00000000e+00]
112882565,SSp-bfd,0.042465527235241045,0.3090053622272326,-0.005991304713182635,-0.044489400660252476,[-142.27456922  -22.88182117 -601.50561089],[0.00000000e+000 1.23000293e-115 0.00000000e+000],0.0,0.22592490006369745,-0.006020668321219183,-0.046738805103854864,[-142.61207034  -22.79173119 -608.26158833],[0.00000000e+000 9.57949734e-115 0.00000000e+000]
112935169,SSp-ll,0.9453768097669637,0.7826930494102979,-0.010122919663088599,0.04718895856710542,[-131.37249178   18.8364379  -366.4179512 ],[0.0000000e+00 4.9060193e-79 0.0000000e+00],0.9453768097669637,0.7565690272316588,-0.009242391030136694,0.10264044242845377,[-116.55372013   37.8425175  -377.02315694],[0. 0. 0.]
141602484,MOs,0.4607391875368279,0.26270684561187324,-0.013778136248869095,-0.39187114491284114,[-211.09593334 -159.60672318 -289.13181442],[0. 0. 0.],0.235400373389349,0.16016462451466443,-0.014304742898087981,-0.44942538239701507,[-221.86985533 -176.13850672 -299.63937904],[0. 0. 0.]
100148503,VISam,0.9548184961540137,0.684386164821645,-0.011429694562907395,0.049175306482207304,[-210.84069532   26.08591728 -465.13194759],[0.00000000e+000 1.34662087e-149 0.00000000e+000],0.8118292238458862,0.5892652158773022,-0.011444683790449824,0.04266778449487496,[-206.75130356   21.06899112 -460.22077223],[0.00000000e+00 2.28615327e-98 0.00000000e+00]
113887868,VISp,0.0,0.07718856593879202,-0.009419714409800398,-0.10477563801960704,[-251.70382648  -67.38974545 -541.65745788],[0. 0. 0.],0.0,0.04028770117683256,-0.00955652077295827,-0.12681111662794198,[-256.37389973  -77.83460289 -543.08378627],[0. 0. 0.]
180717881,SSp-m,0.0,0.09426443552485338,-0.011105378514914539,-0.45729536939439647,[-172.89977659 -152.93168774 -229.79145762],[0. 0. 0.],0.0,0.008463165111991409,-0.011120538021881456,-0.5279253454218887,[-176.78165282 -171.3497522  -244.37947414],[0. 0. 0.]
180403712,ECT,0.0,0.052944896424971535,-0.0015386054760020977,-0.04129081127082873,[  -95.7285113    -54.56183729 -1793.21327052],[0. 0. 0.],0.0,0.03425471723791075,-0.0015598671042268393,-0.03902400766505365,[  -96.92241518   -48.94969629 -1805.8085477 ],[0. 0. 0.]
307557934,VISp,0.008156468067467655,0.20976867411063616,-0.008663419805374158,-0.05008552968404634,[-223.21500574  -30.30558248 -593.06031259],[0.00000000e+000 5.33117785e-201 0.00000000e+000],0.0,0.12708692796485846,-0.008781329290464128,-0.07948589371361092,[-226.41887715  -45.74869755 -593.45692448],[0. 0. 0.]
114008926,VISp,0.01726426151247443,0.3659294366644008,-0.007025324608325379,0.005417814130234733,[-175.28450011    3.43232089 -681.73751347],[0.         0.00059864 0.        ],0.0004297627016122833,0.2791995354476199,-0.007053683217385198,-0.004478285114088265,[-175.10711564   -2.68315778 -682.1586738 ],[0.         0.00729403 0.        ]
112229103,RSPagl,0.9997925763159781,0.7883530985320683,-0.005462401925723035,0.029014278178136843,[-149.42571923   24.03396894 -898.49512157],[0.00000000e+000 2.41707039e-127 0.00000000e+000],0.9593622940336158,0.6801989201420281,-0.005535425596874071,0.020197906883938188,[-147.28533339   15.46845146 -883.62358097],[0.00000000e+00 6.36824216e-54 0.00000000e+00]
100148142,RSPv,0.9924874231106691,0.9078743227505073,-0.01677908020896818,0.05655445023897232,[-231.14269223   26.97213289 -335.96959802],[0.00000000e+000 9.17064369e-160 0.00000000e+000],0.9924874231106691,0.8843417131113276,-0.0161905258415034,0.08401582777285632,[-212.59390921   36.3034107  -333.79815097],[0.00000000e+000 4.75176838e-287 0.00000000e+000]
126909424,MOp,0.010456778035837808,0.20973363073595547,-0.011413396715088831,-0.34670544076657295,[-175.83076865 -140.88589485 -330.37522084],[0. 0. 0.],0.00044436466972200256,0.14822428996379625,-0.011723160738356523,-0.3761379061205026,[-179.61932075 -144.49149844 -339.39907152],[0. 0. 0.]
309003780,VISp,0.0003902283126188581,0.1638157140310505,-0.007995619124219956,-0.07000634549619739,[-221.62344185  -44.58663265 -638.67315374],[0. 0. 0.],0.0,0.10237430511780166,-0.008102765332835977,-0.0940379834592201,[-225.03849092  -57.0414411  -641.29367707],[0. 0. 0.]
277712166,VISp,0.18765215611533073,0.35578653465529175,-0.0015214396873801453,-0.008602517114155384,[ -104.62917041   -14.49675544 -2259.93853274],[0.00000000e+00 1.39021749e-47 0.00000000e+00],0.01863128543611279,0.18602116100284763,-0.0015525575087858082,-0.014571261978676753,[ -106.2158125    -23.2191244  -2269.70162614],[0.00000000e+000 5.26572866e-119 0.00000000e+000]
146077302,VISpm,0.8584919321537673,0.560838355323019,-0.008947520081192026,-0.016541371373879787,[-213.78279846  -11.00271388 -631.1525929 ],[0.00000000e+00 3.82169913e-28 0.00000000e+00],0.20800637469199265,0.38618502299496815,-0.009167084957341545,-0.04289124500091179,[-216.41995405  -26.7949465  -623.97883595],[0.0000000e+000 1.0517048e-157 0.0000000e+000]
112952510,MOs,0.9851209815601926,0.7653666264083695,-0.011443218874763288,0.08936803575385555,[-156.02250983   32.25298279 -304.87795053],[0.00000000e+000 2.84642689e-227 0.00000000e+000],0.9851209815601926,0.6840529864908533,-0.011731558781981712,0.06978501325190656,[-159.11091216   23.81304832 -306.37217202],[0.0000000e+000 4.6988174e-125 0.0000000e+000]
304565427,VISp,0.0,0.10900809645295878,-0.00526349180747002,-0.06454885069289037,[-176.8683118   -48.16587111 -824.31536528],[0. 0. 0.],0.0,0.0741305652379354,-0.005323340390706276,-0.07329671715575062,[-179.0336795   -52.0319157  -828.44789206],[0. 0. 0.]
277616630,VISp,0.3598376530879293,0.3953124796719459,-0.0033272329331333617,-0.01784833397610569,[ -154.52509818   -20.49332163 -1416.36932932],[0.00000000e+00 3.53502643e-93 0.00000000e+00],0.027546782179285516,0.21428727482711413,-0.0034009953601866413,-0.031304456356225474,[ -157.26893069   -34.01745953 -1420.10768185],[0.00000000e+000 1.83729562e-252 0.00000000e+000]
180718587,SSp-ul,0.7772645198544862,0.5053954667802394,-0.012119575101586188,-0.1158199833226167,[-145.62809483  -38.74019371 -264.54877246],[0. 0. 0.],0.6945393224223737,0.45441679830997705,-0.011743886408217444,-0.07402188057083692,[-138.27682741  -23.06100136 -274.32341944],[0.00000000e+000 2.02582263e-117 0.00000000e+000]
114292355,SSp-ll,0.9871299911821397,0.7869154622210278,-0.007128756385755554,0.010511912451885402,[-111.19684803    5.23735156 -513.13636384],[0.00000000e+00 1.63163895e-07 0.00000000e+00],0.9871299911821397,0.7656747213801588,-0.006566870970638649,0.04416157641404106,[ -98.75436303   20.16292949 -516.00549454],[0.00000000e+00 2.90053027e-90 0.00000000e+00]
117298988,SSs,0.0,0.10011926271789111,-0.009636656028318185,-0.3482980684683246,[-188.19915241 -141.49338514 -315.02419893],[0. 0. 0.],0.0,0.06189228887289381,-0.00973184747017169,-0.3552128802153819,[-189.07378346 -136.4515451  -325.30476481],[0. 0. 0.]
114290938,SSp-m,0.0,0.04543874205786898,-0.009174683097570016,-0.3676755086695798,[-179.39164355 -163.84350451 -419.3498149 ],[0. 0. 0.],0.0,0.010843201693199096,-0.009261368926022341,-0.39401809068729154,[-181.52704672 -167.29989792 -437.60626022],[0. 0. 0.]
180074890,VISC,0.0,0.14158225704059998,-0.013763687787202808,-0.34904808380752556,[-258.10620299 -139.16928246 -176.25776661],[0. 0. 0.],0.0,0.06765049836228969,-0.01385040058555884,-0.4157129410193752,[-265.77846582 -161.21500706 -183.42788109],[0. 0. 0.]
120437703,VISal,0.11287733783521221,0.3583659067958255,-0.007814917918671522,-0.017408140146767948,[-176.27638296   -8.29148387 -492.60137544],[0.00000000e+00 1.12952661e-16 0.00000000e+00],0.0,0.20826659745358223,-0.007848552341098134,-0.03953430121692145,[-177.01386466  -17.89624573 -494.52549228],[0.00000000e+00 1.55468153e-71 0.00000000e+00]
126907302,SSp-bfd,0.857395633196418,0.5886324212241896,-0.011172817627604581,0.06867532763066353,[-191.24777585   28.52433008 -369.62257072],[0.00000000e+000 2.23440296e-178 0.00000000e+000],0.7135721381211653,0.47456619460902766,-0.01113303704462777,0.06750257481079641,[-188.99260914   26.42971632 -370.80899456],[0.00000000e+000 1.67827836e-153 0.00000000e+000]
112373830,VISli,0.0,0.13813320161177203,-0.007256866727038742,-0.0893867891206378,[-204.74859675  -53.77767196 -584.49286342],[0. 0. 0.],0.0,0.09292486797245314,-0.007326216491377158,-0.09760656472862873,[-206.99283929  -55.89480451 -587.91210209],[0. 0. 0.]
277714322,VISp,0.4663537471657109,0.5157622589373225,-0.002729851586245429,-0.002013527948624194,[ -131.18108643    -2.36973126 -1522.69619487],[0.         0.01780255 0.        ],0.22083325672047568,0.3041430523153402,-0.0027835053872274362,-0.014145195864206206,[ -132.95804004   -15.72898575 -1525.84264072],[0.0000000e+00 1.0847839e-55 0.0000000e+00]
157556400,ILA,0.9523577218481162,0.920623834003552,-0.003690575335637887,0.10854923441436182,[ -80.38544274   68.04927519 -763.26132271],[0. 0. 0.],0.9326106660939574,0.8878667867099213,-0.0033470306293485394,0.14865110006370152,[ -74.69170562   90.7515789  -815.77161057],[0. 0. 0.]
307137980,VISp,0.0013115362305991354,0.20474536383992722,-0.011850084971191319,-0.0700442631670366,[-243.42390528  -33.3588327  -378.45174395],[0.00000000e+000 6.61810521e-243 0.00000000e+000],0.0,0.13437007725453498,-0.011972462031512438,-0.0996588088704411,[-246.05693962  -45.13613014 -378.12660825],[0. 0. 0.]
304585910,VISp,0.0,0.016259363698592082,-0.0008659194202453591,-0.015010522467417964,[  -72.71344362   -29.50376452 -2601.67174824],[0.0000000e+000 1.1936679e-190 0.0000000e+000],0.0,0.00976119904653973,-0.0008802076125592334,-0.015533125227422673,[  -73.67449973   -28.92645919 -2609.75882964],[0.00000000e+000 2.28997087e-183 0.00000000e+000]
309004492,VISp,0.0,0.21465669064945833,-0.01297208247848583,-0.06136297310633462,[-251.61834404  -26.28722113 -295.43971526],[0.00000000e+000 7.06704999e-152 0.00000000e+000],0.0,0.1432614957528469,-0.013051879417974765,-0.09163292938750092,[-253.59410383  -37.37518252 -294.875845  ],[0.00000000e+000 5.05586504e-304 0.00000000e+000]
100141495,SSp-tr,0.9935717944451384,0.8253629647092184,-0.005884796728434697,0.020893693545828373,[-124.71506092   13.55032052 -714.17104353],[0.00000000e+00 8.45254651e-42 0.00000000e+00],0.9935717944451384,0.789978062745305,-0.005702521608250022,0.03280368917963389,[-117.34808616   19.63534952 -710.98037167],[0.00000000e+00 1.04396258e-85 0.00000000e+00]
112373124,SSp-n,0.0,0.06287219251347993,-0.003798218461675537,-0.12200080349036013,[ -130.99873152   -99.37264691 -1090.03647956],[0. 0. 0.],0.0,0.027590030646739868,-0.003842205380710814,-0.12571873915587672,[ -131.74405179   -96.76703632 -1111.56350192],[0. 0. 0.]
309113907,VISp,0.16434573469938876,0.342962018166031,-0.012146740460901372,-0.024689985121961522,[-243.54306536  -11.83401106 -389.09129552],[0.00000000e+00 2.71108128e-32 0.00000000e+00],0.016662366956349216,0.2330615854650457,-0.012285940311503893,-0.060743933523378424,[-245.66416944  -27.59887768 -386.10646061],[0.00000000e+000 3.71724513e-167 0.00000000e+000]
127089669,VISpor,0.0,0.17441045655958531,-0.010648253076548108,-0.10299206030809893,[-222.82767106  -44.96688612 -323.12281593],[0. 0. 0.],0.0,0.11769086140501062,-0.010717399043639171,-0.11799261220657681,[-224.86924509  -49.09686416 -325.11130513],[0. 0. 0.]
112881858,AUDv,0.03697054786249815,0.1225424714367578,-0.006633800879419179,-0.09820945060505931,[-197.76814951  -59.67261358 -655.85163994],[0. 0. 0.],0.0,0.05905729571175496,-0.006687847064498115,-0.10655104324834981,[-199.75257772  -61.6526277  -662.56431672],[0. 0. 0.]
277713580,VISp,0.684791694016639,0.6506691240801634,-0.0017578406838529188,0.002822322234479868,[ -102.22232673     4.02743861 -1901.68774766],[0.000000e+00 5.642152e-05 0.000000e+00],0.4074400680039795,0.4301516552702011,-0.0017997272727899236,-0.006793112375785337,[ -103.89222404    -9.14663171 -1905.00912841],[0.00000000e+00 5.95959636e-20 0.00000000e+00]
307295727,VISl,0.0,0.18043689534784543,-0.011132849704560632,-0.06677714089648801,[-233.20426753  -30.82943053 -366.84510917],[0.00000000e+000 6.56967494e-208 0.00000000e+000],0.0,0.12623915631937743,-0.011205126079948101,-0.08868840936915898,[-235.04939151  -38.97415879 -367.53808232],[0. 0. 0.]
126862385,VISp,0.0,0.23386592677747498,-0.009286523683051152,-0.06748598374669423,[-254.73450734  -47.63151801 -619.56479141],[0. 0. 0.],0.0,0.15806202975334566,-0.009465177963881896,-0.09438268766518032,[-259.60152436  -63.31068183 -618.29963746],[0. 0. 0.]
585025284,MOs,0.06175983473710853,0.15559948671815388,-0.010801148363963425,-0.35920844985092426,[-206.74470675 -170.65784334 -405.14261884],[0. 0. 0.],0.001489155856702501,0.059716604684788434,-0.011139828186478982,-0.41549499756564967,[-218.71098455 -192.45673315 -427.81536602],[0. 0. 0.]
170721670,ORBl,0.38130287264368856,0.5103597054332742,-0.01382703776342279,-0.14063225014907485,[-258.67319756  -60.04282566 -291.64936092],[0. 0. 0.],0.19982409231245263,0.29869163827371326,-0.014449536588996847,-0.2518486720680383,[-281.59106615 -106.46785352 -296.1183454 ],[0. 0. 0.]
307296433,VISp,0.0,0.12260024663466898,-0.01072330655283097,-0.09033487528382755,[-253.50112281  -48.84623671 -439.20227259],[0. 0. 0.],0.0,0.07954254223907531,-0.01083069921705996,-0.11259726799982173,[-256.63564304  -58.0059832  -440.21031107],[0. 0. 0.]
112514915,SSs,0.0,0.12310544591433119,-0.010777437831325074,-0.38126955634134047,[-194.50796401 -145.03051313 -252.68928885],[0. 0. 0.],0.0,0.08485402170796934,-0.010925742525943777,-0.389457254721822,[-196.09288512 -140.03481814 -261.74727697],[0. 0. 0.]
112595376,RSPv,0.2978391390343529,0.5423278231368655,-0.00720521223672408,-0.009957206357305681,[-180.46787546   -7.41737566 -749.49490631],[0.00000000e+00 1.20225936e-13 0.00000000e+00],0.07678142500649575,0.39023715566560535,-0.007349497826589384,-0.026730381178783236,[-181.72439798  -18.6844505  -742.92531382],[0.00000000e+00 8.49214812e-78 0.00000000e+00]
112229814,SSp-ul,0.9885164924683701,0.636307171792555,-0.009450090227238474,-0.03375082479795277,[-156.48646426  -15.79369377 -476.40152199],[0.00000000e+00 3.90425743e-56 0.00000000e+00],0.9647986348539641,0.5736830738376925,-0.009268633758383216,-0.014990144521109139,[-150.67867841   -6.54576435 -483.46977193],[0.00000000e+00 5.94228773e-11 0.00000000e+00]
114250546,VISl,0.0,0.1453947980631937,-0.008815801362437346,-0.08561096172316124,[-213.6179915   -45.02649356 -459.00651166],[0. 0. 0.],0.0,0.09991361323995908,-0.008887693124524868,-0.09867877590656965,[-215.76328927  -49.42366458 -461.15949587],[0. 0. 0.]
112423392,ORBvl,1.0,0.8077371689517064,-0.0032810982453086654,0.1346707624437341,[ -64.07367371   66.06618039 -599.10358142],[0. 0. 0.],1.0,0.7281725264151359,-0.0034588656265361756,0.13194361318963688,[ -68.23533295   62.15405284 -618.61461659],[0. 0. 0.]
112306316,ORBl,0.9991792716414458,0.7211303385793826,-0.014416025627698482,0.05307577504102007,[-248.45017428   21.93028662 -289.89313002],[0.00000000e+000 2.13717436e-106 0.00000000e+000],0.9513605313337304,0.5668448827978458,-0.014983015850840484,-0.014036974325589424,[-260.85370261   -5.56910545 -286.61049447],[0.00000000e+00 2.56582396e-08 0.00000000e+00]
126852363,SSp-tr,0.9850006187272844,0.7984302235135288,-0.012374493446367173,0.09660103910129991,[-171.93777039   42.63636724 -367.22380739],[0. 0. 0.],0.9707147874334878,0.7625174798124105,-0.011570631312336047,0.14339067455157445,[-156.25632447   58.46769308 -374.86328779],[0. 0. 0.]
100142655,SSp-bfd,0.9761292526025744,0.6227006493010974,-0.01105755933942603,0.054647046879592265,[-179.16203854   22.91593772 -382.52227591],[0.00000000e+000 5.64179678e-116 0.00000000e+000],0.9371289165353096,0.5368792592896988,-0.010856843019525986,0.0780624236846072,[-174.20424542   30.81352565 -389.03983944],[0.00000000e+000 1.06913769e-207 0.00000000e+000]
157711748,PL,1.0,0.8517772880974143,-0.00412249741872639,0.05277652571233127,[-104.46458786   34.35584101 -820.28498607],[0.00000000e+000 1.91933225e-257 0.00000000e+000],1.0,0.7731101802433747,-0.004122455942798961,0.05795284204902096,[-105.5353705    36.22661916 -856.2262102 ],[0.00000000e+000 7.48923104e-286 0.00000000e+000]
112936582,SSp-m,0.0,0.042403853107715404,-0.008334996616595017,-0.3825150936263539,[-160.15068376 -164.50065166 -408.47201831],[0. 0. 0.],0.0,0.006876012797731441,-0.00839695649455442,-0.4111096442269804,[-161.99685978 -168.73221236 -427.55142746],[0. 0. 0.]
158314278,AUDd,0.22864205445850602,0.31723726078999753,-0.008721147421722966,-0.06881769044267644,[-178.79250289  -29.06722973 -411.01146669],[0.00000000e+000 3.95372294e-185 0.00000000e+000],0.0,0.18575782620596665,-0.008772594780941046,-0.08734656734855478,[-179.9987179   -35.09740639 -414.73857701],[0.000000e+000 1.579031e-268 0.000000e+000]
127138787,VISp,0.0,0.16212984472430603,-0.00928439897562975,-0.07966550498784991,[-222.058732    -42.02586758 -447.68603915],[0. 0. 0.],0.0,0.10443551762436341,-0.009359614664348873,-0.09609741319213333,[-224.31691891  -48.28453341 -449.13598047],[0. 0. 0.]
158435116,ORBvl,1.0,0.7811205297804772,0.00011174013366384988,0.16900104593819676,[   2.40821755   90.40616449 -721.42690646],[0.01603208 0.         0.        ],1.0,0.7066709379524678,2.9526979221823624e-05,0.18460854239753316,[ 6.47334227e-01  9.54868204e+01 -7.53682361e+02],[0.51741686 0.         0.        ]
116903230,AUDp,0.11795329580940091,0.1207514183548648,-0.0042110852238724985,-0.0685486231233361,[ -162.5620804    -53.90564976 -1000.3836026 ],[0. 0. 0.],0.0,0.045412546303288226,-0.004249630614440566,-0.07826255872478424,[ -164.47350264   -58.65014628 -1011.09511172],[0. 0. 0.]
120491896,AUDp,0.0,0.12065170154121667,-0.0029740486657259865,-0.07831458037877814,[ -99.63184815  -53.63250599 -914.37654468],[0. 0. 0.],0.0,0.03159747390723638,-0.0030171610312868143,-0.09244153624283441,[-101.41441339  -60.37590621 -925.28513121],[0. 0. 0.]
112458114,ACAd,1.0,0.9326325711843084,-0.006517059448641449,0.19112944355395423,[ -97.76646227   85.87933709 -512.07021837],[0. 0. 0.],1.0,0.913025180331391,-0.005295145617043605,0.27184349185997125,[ -80.32213589  117.39757263 -552.38450053],[0. 0. 0.]
307593747,VISp,0.0,0.18735953657649043,-0.011851936907771915,-0.09057808607917034,[-264.80274814  -49.09274483 -439.96278585],[0. 0. 0.],0.0,0.11522911289961191,-0.012028328392994942,-0.12303464327097774,[-269.21866146  -63.49628001 -439.74890834],[0. 0. 0.]
174361040,VISp,0.0,0.06401965212757228,-0.003765529561888234,-0.050937290740682706,[ -159.79222496   -55.15155356 -1187.5638022 ],[0. 0. 0.],0.0,0.027482968354048135,-0.0038481463526901932,-0.05979366946749398,[ -162.86052557   -61.37220822 -1188.91091764],[0. 0. 0.]
100149109,AUDp,0.04896578710937222,0.26082057927104413,-0.003787019956116547,-0.04092761258085831,[-132.26836487  -28.96500317 -936.10010935],[0.0000000e+000 7.5508097e-184 0.0000000e+000],0.0,0.11881029653429659,-0.003812733262256146,-0.058533635342228885,[-133.55289891  -39.48945476 -945.85752524],[0. 0. 0.]
100141219,VISp,0.0008466458449046386,0.16916278670858315,-0.007138414160424336,-0.058687930216917594,[-224.86967499  -45.1241451  -809.37922966],[0. 0. 0.],0.0,0.10234273019970878,-0.007267338050062782,-0.08279262392294967,[-229.25259483  -60.59287419 -812.33690352],[0. 0. 0.]
139519496,AUDd,0.19546173049607657,0.35459107002570867,-0.004187544827667567,-0.01787816309405077,[-133.67068489  -11.7057571  -856.15434918],[0.00000000e+00 1.23779858e-31 0.00000000e+00],0.0,0.16903363176469954,-0.0042115239145039856,-0.038736261423685386,[-134.5978471   -24.13661819 -862.70947277],[0.00000000e+000 2.05476061e-128 0.00000000e+000]
304564721,VISp,0.3710731958015709,0.3164166322038751,-0.002075951461272773,-0.019197842816898236,[ -116.17457564   -25.08634137 -1746.4783042 ],[0.00000000e+000 1.56518106e-138 0.00000000e+000],0.06389169816914575,0.11027646738348496,-0.002126152269089094,-0.030562072504739024,[ -118.79129992   -37.89867569 -1757.57478369],[0. 0. 0.]
272782668,VISp,0.0,0.08177146592312082,-0.005878044922927806,-0.07412084608815556,[-196.98086811  -62.86391636 -874.77366044],[0. 0. 0.],0.0,0.03788779800424711,-0.006010390050644958,-0.09105181622522218,[-201.40493302  -73.39829052 -876.91861232],[0. 0. 0.]
584903636,MOp,0.008668616684159582,0.1179086420940328,-0.011803483402655315,-0.4335447860216599,[-201.10884346 -180.74784341 -320.79662148],[0. 0. 0.],4.670131936861685e-07,0.03841906434240258,-0.012152527867766591,-0.5006161148137314,[-213.06739939 -204.14246419 -340.43716435],[0. 0. 0.]
304762965,VISp,0.02557140610059891,0.07415845103673999,-0.0009605342717596069,-0.013608138150893734,[  -83.6198055    -27.4572302  -2762.55285617],[0.00000000e+000 1.80103758e-165 0.00000000e+000],1.0315573720328956e-05,0.02084760777061214,-0.0009782444626229951,-0.016351089132777552,[  -84.91773268   -31.26938725 -2777.06555252],[0.00000000e+000 8.41135808e-214 0.00000000e+000]
139520203,ACAv,0.9990764148014326,0.9516389974015658,-0.006686559791658206,0.1181957984560531,[ -93.44768292   58.02722466 -519.04260882],[0. 0. 0.],0.9990764148014326,0.9197650125566462,-0.005420534736079834,0.17401310085881616,[ -73.11251022   78.37100775 -531.06130386],[0. 0. 0.]
100141599,VISam,0.8457219937834038,0.6236158627615136,-0.015043959500514969,0.055642925041752056,[-251.07865817   25.92021348 -330.74629502],[0.00000000e+000 9.84169336e-148 0.00000000e+000],0.5805682504697584,0.5115452492009978,-0.01512164181564515,0.03975801658711242,[-248.00407799   17.29918052 -325.39940021],[0.00000000e+00 5.72704929e-67 0.00000000e+00]
272916915,RSPd,0.9248651942085294,0.7048164201049089,-0.007988195634167028,-0.02064190844695124,[-199.33511353  -14.95551049 -706.68719867],[0.00000000e+00 1.58816264e-50 0.00000000e+00],0.5779262825546853,0.5380434103710598,-0.008227464050661708,-0.044950307463153205,[-202.35976943  -30.51174838 -697.66049323],[0.00000000e+000 1.05073101e-203 0.00000000e+000]
180436360,VISC,0.0,0.2913426387357075,-0.01921182163274248,-0.12528973203781119,[-357.25582959  -50.22848607  -60.84056726],[0. 0. 0.],0.0,0.18730815109839447,-0.019227192176840636,-0.15590869895396714,[-359.00034614  -59.65311726  -62.1105084 ],[0. 0. 0.]
112424813,RSPd,1.0,0.7678337805421127,-0.005887946912932339,-0.01074777806814009,[-187.06348784  -10.25603213 -996.91188508],[0.000000e+00 1.137522e-24 0.000000e+00],0.9924779467007027,0.6938638736391218,-0.006024860855610593,-0.022022098136398105,[-187.14437315  -19.52917751 -983.34362807],[0.00000000e+00 8.33980603e-85 0.00000000e+00]
115958825,AUDpo,0.22166970215663354,0.3587755903216959,-0.009349016897575828,-0.012986029714923353,[-183.69277789   -5.30757824 -376.22695889],[0.00000000e+00 1.11282816e-07 0.00000000e+00],0.0,0.22072411468893485,-0.0093745094612462,-0.037137475715159685,[-184.20453592  -14.42839392 -377.12202359],[0.00000000e+00 3.74770334e-47 0.00000000e+00]
100141473,SSp-bfd,0.0595040583539652,0.31047901075891887,-0.005085008575748116,-0.02606373547400398,[-150.12200312  -16.73598829 -810.43997192],[0.0000000e+00 8.4094177e-63 0.0000000e+00],0.0,0.2050202317914585,-0.005127591113953952,-0.039690376415260575,[-151.17326297  -24.19183589 -817.43970161],[0.00000000e+000 5.43292057e-129 0.00000000e+000]
309372716,VISp,0.1353624056944096,0.3065710779833409,-0.012820305474985333,-0.0412272190597649,[-246.04132531  -18.56743202 -345.39099128],[0.00000000e+00 7.51008838e-77 0.00000000e+00],0.011442895188776862,0.20632769629137354,-0.012959553360942037,-0.07777048740865547,[-248.35662558  -33.24440929 -343.17658781],[0.00000000e+000 2.89950533e-241 0.00000000e+000]
100141780,MOp,0.0,0.12470233523890364,-0.015424270156103715,-0.5869309856090605,[-207.66752971 -195.7473013  -173.42129473],[0. 0. 0.],0.0,0.04666436114751535,-0.015798974592855345,-0.6619675620781684,[-217.67457438 -214.74361019 -185.5835041 ],[0. 0. 0.]
638314843,VISp,0.0,0.03326580139179305,-0.0010826591829282452,-0.017749839112758126,[  -73.6241288    -28.88159365 -2134.5562455 ],[0.00000000e+000 8.31565969e-183 0.00000000e+000],0.0,0.0036044998751211307,-0.001098923644970929,-0.018754372178021672,[  -74.73613628   -29.00841152 -2142.20731744],[0.00000000e+000 2.16068709e-184 0.00000000e+000]
100140756,FRP,0.16963678667571125,0.3654544903292787,-0.009498589127283696,-0.17243119354039232,[-227.71820013  -95.79799747 -512.38462733],[0. 0. 0.],0.06678633473533338,0.13983652867513535,-0.010262039188231351,-0.2878896961928499,[-263.97360654 -163.12288014 -541.83192688],[0. 0. 0.]
100141273,MOp,0.9979175057040942,0.7361172006474619,-0.010120163349588115,-0.01963416924013539,[-155.77017353   -9.13671243 -450.50123731],[0.00000000e+00 6.53178238e-20 0.00000000e+00],0.9975314008688074,0.6990884280440817,-0.009697651175506165,0.010558547625245857,[-145.27241249    4.54528777 -457.90386653],[0.00000000e+00 5.49122866e-06 0.00000000e+00]
174361746,VISC,0.0,0.14731403990764164,-0.004979063194428675,-0.1825808835483245,[-103.43955353  -80.32764768 -456.44239254],[0. 0. 0.],0.0,0.030869435215872085,-0.004996103896061024,-0.2615696606039232,[-106.20722613 -111.92850062 -469.12109987],[0. 0. 0.]
157710335,MOs,0.048845000554367524,0.26165004930478175,-0.013578865692304865,-0.37406269326190567,[-258.23224334 -162.67849101 -274.10843981],[0. 0. 0.],0.0009463187961765648,0.07587241323248585,-0.014173494071630946,-0.5012824692904707,[-293.20738224 -225.41313576 -294.69465485],[0. 0. 0.]
180916954,MOs,0.9608006380931116,0.7721616348428351,-0.009425222237011893,0.30322761331496495,[ -85.12174428   86.68482089 -232.28153578],[0. 0. 0.],0.9608006380931116,0.7147772150929939,-0.007714030422574215,0.39051760086697074,[ -67.92268124  103.45689643 -245.3712652 ],[0. 0. 0.]
148964212,SSp-ul,0.9965788482319405,0.9199843875638957,-0.0006987643772234133,0.00408572824854031,[  -56.06668054     9.29406503 -3156.65913961],[0.0000000e+00 1.5082195e-20 0.0000000e+00],0.9811160235912378,0.87906897007082,-0.0006848367468311085,0.005167209362523739,[  -53.99812618    10.97917735 -3171.24790774],[0.00000000e+00 4.95915741e-28 0.00000000e+00]
112162251,SSp-n,0.0,0.046841242136200154,-0.004762934664585784,-0.22323598032783223,[-114.55639101 -119.58695234 -656.56997914],[0. 0. 0.],0.0,0.016495032928111598,-0.004829945942870751,-0.22774320898756126,[-115.43840758 -115.23605021 -671.64061987],[0. 0. 0.]
180435652,ECT,0.0,0.26209633597664994,-0.008655116008147631,-0.03428548279352908,[-154.63867096  -12.58393162 -212.37016446],[0.00000000e+00 2.72489616e-36 0.00000000e+00],0.0,0.2040662806923095,-0.008683773111151614,-0.024236478108561367,[-155.33083043   -8.46524513 -214.80195457],[0.00000000e+00 2.58364694e-17 0.00000000e+00]
100149969,SSp-m,0.0,0.05523611980406467,-0.00573582436548619,-0.21430319822066807,[-142.98909663 -118.85929193 -651.95456447],[0. 0. 0.],0.0,0.0020115058535740415,-0.00574581899118095,-0.2363570857537769,[-144.18900715 -125.43138336 -677.49009426],[0. 0. 0.]
126860974,ORBm,0.9080574550679926,0.8137386789723601,-0.007763278847717006,0.18655638318110007,[-135.54184438   78.93665105 -445.90908639],[0. 0. 0.],0.9080574550679926,0.7049827406653086,-0.00797208768974332,0.18656554793541924,[-140.72421348   75.86274543 -458.45223374],[0. 0. 0.]
112791318,SSp-ll,0.9879802387463261,0.7258817279622845,-0.009685157622276293,0.04942880088388785,[-145.38154816   20.90147693 -414.80066888],[0.00000000e+00 7.65234003e-97 0.00000000e+00],0.9709530052107727,0.6841084473584244,-0.009252633667169531,0.08848558629017556,[-136.81802764   35.03521286 -424.58934774],[0.00000000e+000 1.37071442e-267 0.00000000e+000]
249402048,GU,0.0,0.13511825691209758,-0.007127822523764631,-0.16867039932694455,[-191.52443322  -99.79138899 -633.58623635],[0. 0. 0.],0.0,0.055697415274202376,-0.007120039080816872,-0.19296345933350625,[-192.93947766 -109.43611061 -656.48697164],[0. 0. 0.]
500836840,VISp,0.060662404986271616,0.24468981189685948,-0.0077583163470167325,-0.053513792810681915,[-214.95908909  -35.34347585 -683.24753253],[0.00000000e+000 2.94449268e-272 0.00000000e+000],0.0,0.14356108239421292,-0.00788148500585342,-0.07855269266230763,[-218.31923604  -49.30150625 -686.1136246 ],[0. 0. 0.]
584194481,ACAd,0.9984519282213028,0.9459339544060655,-0.005980075305815229,0.10723327048198328,[-102.87603937   58.15657562 -619.39569988],[0. 0. 0.],0.9984519282213028,0.9332017387706695,-0.004831638062590543,0.17140361949576122,[ -82.55540166   87.75921854 -654.36275276],[0. 0. 0.]
523718823,VISpm,0.40874219583937765,0.35520083907268196,-0.007789246260732845,-0.05826120390200362,[-208.4436377   -41.84684454 -696.95161176],[0. 0. 0.],0.0,0.18751309519717677,-0.00802923460012308,-0.08970510388555053,[-214.42866348  -61.11894689 -695.43188013],[0. 0. 0.]
478376197,PL,0.998111306197836,0.7664275499826191,-0.008060228872959443,0.21884522052766392,[-116.92007118   78.75140978 -357.02621214],[0. 0. 0.],0.998111306197836,0.6885380919911378,-0.008060341753150922,0.24170363124863892,[-118.56586762   83.8356899  -371.68101383],[0. 0. 0.]
500836105,VISl,0.0032315740152574755,0.3077168540966296,-0.007822865826331534,-0.017968730405401534,[-204.13478572  -10.11878313 -587.50119082],[0.00000000e+00 4.66039665e-24 0.00000000e+00],0.0,0.21980815315464622,-0.007856674622636789,-0.03322644800918989,[-204.82444224  -17.7683318  -591.22317626],[0.00000000e+00 1.52336791e-70 0.00000000e+00]
294481346,VISpm,0.5162628261129734,0.5180076504200339,-0.010932968867838885,-0.010245725314290466,[-241.85507578   -6.07791918 -519.03899408],[0.00000000e+00 1.22107615e-09 0.00000000e+00],0.07379498003900734,0.38573955312527075,-0.011107973947504318,-0.03661875367240286,[-243.38186138  -20.45087992 -513.68099877],[0.00000000e+00 8.42078765e-93 0.00000000e+00]
512315551,VISp,0.00017353260974677844,0.16388046048217936,-0.013615994150804249,-0.11833422386009793,[-291.83623493  -57.65684866 -320.28357575],[0. 0. 0.],0.0,0.09361229193894183,-0.013762145521665195,-0.1532476528492767,[-296.35892632  -71.30768575 -320.87062338],[0. 0. 0.]
657046319,VISp,0.0,0.0734419849891577,-0.0028019852802371632,-0.04082918265294505,[ -144.86587269   -53.14927768 -1514.05049858],[0. 0. 0.],0.0,0.03482238574790077,-0.0028578603413306446,-0.04659187638767437,[ -147.28222553   -57.4653355  -1518.77323861],[0. 0. 0.]
501483880,ACAd,1.0,0.9402749695184758,-0.0051136873558422676,0.02914491396910321,[-103.01832897   21.18658342 -777.54976374],[0.00000000e+00 1.91254718e-99 0.00000000e+00],1.0,0.9225501104009666,-0.0044616057378536154,0.05608838277371003,[ -84.5648231    36.46273656 -762.98616671],[0.00000000e+000 1.52836379e-289 0.00000000e+000]
166153483,AIv,0.926899888992211,0.557425597051345,-0.011326436409748744,0.034505674402550535,[-163.12428001   11.72924862 -241.27406732],[0.0000000e+00 9.3838445e-32 0.0000000e+00],0.08171038642320413,0.29761510338758634,-0.011781305563913283,-0.06633053113975801,[-171.33533023  -21.64119817 -236.51401878],[0.00000000e+000 1.14882184e-103 0.00000000e+000]
598605738,VISp,0.48397062194273854,0.5488996648823625,-0.012074602892630149,0.06090694885196113,[-244.73377532   30.46159925 -426.83061251],[0.00000000e+000 4.79969129e-203 0.00000000e+000],0.3100221185242588,0.42592340135878465,-0.012103066925733234,0.04752585981446439,[-243.12838719   22.39210832 -425.2529367 ],[0.00000000e+000 7.82905548e-111 0.00000000e+000]
606929366,VISp,0.0,0.04498111550306708,-0.004060739411505969,-0.061490411111355336,[ -170.59221561   -61.7733495  -1112.97530447],[0. 0. 0.],0.0,0.022668346848852203,-0.004120569993418682,-0.06657474302982863,[ -172.94512953   -63.51264067 -1117.39033429],[0. 0. 0.]
593018150,RSPagl,0.7429280887576256,0.5825508087510582,-0.008210724123684982,0.0003619816221096528,[-1.72523382e+02  2.17161978e-01 -5.81623829e+02],[0.         0.82808247 0.        ],0.25830032163298167,0.4425098439874173,-0.0083406773348806,-0.014017335337180414,[-172.42607805   -7.86425927 -576.69092718],[0.00000000e+00 3.74272146e-15 0.00000000e+00]
496554237,ORBm,0.9999242999580054,0.7798346376853723,-0.006457278891881454,0.14098521096251937,[-111.34396261   60.28031584 -470.05374121],[0. 0. 0.],0.9999242999580054,0.6777644451932162,-0.006512314486608432,0.15166898244704252,[-113.80664276   62.47033254 -489.61322082],[0. 0. 0.]
522409371,VISp,0.0,0.07763608495740837,-0.003203927944727191,-0.04348572639112708,[ -163.56132025   -50.91712966 -1418.01521771],[0. 0. 0.],0.0,0.040113636390124566,-0.0032477725908629587,-0.04978930962776085,[ -165.69579332   -55.37850893 -1426.93880892],[0. 0. 0.]
521600943,VISrl,0.9443999169039096,0.6438336254967755,-0.010495096791496402,0.09880745173193156,[-207.81914429   46.65613571 -442.24640566],[0. 0. 0.],0.7610818357574257,0.526674848272801,-0.010441499074079543,0.0993578893455912,[-205.23254542   44.26552946 -444.07771892],[0. 0. 0.]
501484658,RSPv,0.7230313499060729,0.8191063935726076,-0.011235887482135033,0.045113174239875375,[-227.22536576   28.98202912 -557.90766799],[0.00000000e+000 4.62329881e-184 0.00000000e+000],0.6464676910070859,0.7660069815432717,-0.011110241446170926,0.05103215288525853,[-219.24004322   30.40718463 -553.59893294],[0.00000000e+000 2.48795091e-202 0.00000000e+000]
526783054,ACAd,1.0,0.9189218429781134,-0.004151322193170513,0.08503286649735137,[ -77.31483735   53.47823691 -723.24815486],[0. 0. 0.],1.0,0.8940616763400648,-0.003186746990679154,0.1309220985364813,[ -57.74686629   76.14959838 -741.33678648],[0. 0. 0.]
479981981,VISp,0.0,0.11744625221593666,-0.0063199435675904084,-0.07591753594933442,[-189.06785658  -49.70251984 -690.37792949],[0. 0. 0.],0.0,0.07107156456329108,-0.006387183633890861,-0.09157755029894976,[-191.4458293   -57.09752698 -695.56239377],[0. 0. 0.]
647806688,SSp-bfd,0.764187208529112,0.5770201485878854,-0.00631395430559678,0.013645176062302367,[-150.28013286    7.71220762 -661.60930668],[0.00000000e+00 1.24579885e-14 0.00000000e+00],0.41331041201451557,0.4552308217548143,-0.006325056605355279,0.009844477309285615,[-149.69016483    5.25873046 -668.02998778],[0.00000000e+00 1.45294553e-07 0.00000000e+00]
502966396,VISp,0.24529148647128396,0.46260322429109374,-0.00953364383692875,-0.008897332283612724,[-244.35381118   -5.83601755 -607.68866731],[0.00000000e+00 5.35965157e-09 0.00000000e+00],0.03849187301262403,0.34701304787538245,-0.009661516130021884,-0.03245477384762396,[-245.97738564  -20.09948993 -604.66934023],[0.00000000e+00 1.03910874e-89 0.00000000e+00]
518742338,VISam,0.7786101867978364,0.6351970344785741,-0.014652790717169677,0.05588209936099131,[-231.10032847   24.42133559 -316.30838175],[0.000000e+000 2.088702e-131 0.000000e+000],0.5862103517010904,0.5288112720370659,-0.014693840457061352,0.04598694030388367,[-227.99967615   18.79359544 -313.34065956],[0.0000000e+00 1.0984591e-78 0.0000000e+00]
182803137,SSp-ll,1.0,0.6373387971628007,-0.007693673472686787,-0.04632260056560457,[-112.97035292  -20.42170408 -446.68152333],[0.0000000e+00 1.5277049e-92 0.0000000e+00],0.9999999964928385,0.5988651971411876,-0.00730554265067631,-0.015373196904382271,[-104.5353376    -6.27773693 -454.28128841],[0.00000000e+00 3.44674871e-10 0.00000000e+00]
479673174,VISl,0.009049910330289493,0.21326694298720109,-0.012979016925588041,-0.07621106091902907,[-267.68758767  -33.24838135 -286.70151105],[0.00000000e+000 2.54349455e-241 0.00000000e+000],0.0,0.14819572979096246,-0.013037457131844093,-0.09330686182906603,[-269.13393423  -38.72711814 -288.33660921],[0. 0. 0.]
512314723,VISpm,0.5662680560565339,0.5334990424064909,-0.015750672941598022,0.011774197899721062,[-263.01844001    5.21285229 -288.12126371],[0.00000000e+00 1.86257919e-07 0.00000000e+00],0.14343384120188837,0.3970957257470459,-0.0159128787574125,-0.015301427076878149,[-262.95764905   -6.37214957 -283.56596985],[0.00000000e+00 1.87051754e-10 0.00000000e+00]
266249483,SSp-ul,0.9874299949021932,0.5862077146531903,-0.010290715512650608,-0.023912761229265445,[-172.23788689  -10.76107135 -435.76448072],[0.00000000e+00 5.40291708e-27 0.00000000e+00],0.8209423291970506,0.5041535320681039,-0.010177205071678894,-0.00799402412475339,[-168.12767149   -3.37503872 -442.41872949],[0.         0.00073828 0.        ]
500837552,VISp,0.0,0.09195457505969469,-0.0046536757204354885,-0.05606597008405928,[ -182.74665379   -50.10451862 -1009.34846273],[0. 0. 0.],0.0,0.05098044722275735,-0.004712878022977207,-0.06714597223931301,[ -185.24171061   -57.08956748 -1015.75211477],[0. 0. 0.]
166055636,MOs,0.9998933392298672,0.6092831512704044,-0.013486114532250786,-0.08061030239575306,[-165.52828414  -25.57682494 -200.71205438],[0.00000000e+000 6.57942117e-144 0.00000000e+000],0.9985371536220109,0.5045267809318087,-0.013983940684481909,-0.12793595941981128,[-172.18255707  -38.70640956 -201.14770538],[0. 0. 0.]
125833030,ACAd,1.0,0.854293452997574,-0.004856443843051873,0.31226109244309597,[ -50.41414469  106.21896597 -368.09578854],[0. 0. 0.],1.0,0.8147988148422739,-0.0026729142176758758,0.42083036802633256,[ -27.4485227   134.60188892 -394.77122463],[2.28478144e-165 0.00000000e+000 0.00000000e+000]
272928602,SSp-m,0.001564795379085778,0.17038297816132633,-0.004799152276156075,-0.08543701436423731,[-172.38555625  -68.41584753 -999.99485124],[0. 0. 0.],0.0,0.06997084533976972,-0.004809691521168344,-0.10475511883853739,[ -174.27665726   -80.43249154 -1033.95574643],[0. 0. 0.]
480994108,ORBvl,0.983972778063457,0.7670395265768353,-0.0036584857590045983,0.2993478973938061,[ -54.59134867  108.94544353 -403.22906522],[0. 0. 0.],0.9624541462069437,0.6833862474218632,-0.0038399188018268873,0.3243161743549715,[ -58.43369467  114.41429398 -418.46401262],[0. 0. 0.]
249396394,RSPv,0.6482273270389453,0.4600269707821631,-0.008656661233374635,-0.061825780406723596,[-213.86235086  -45.88151512 -683.26439312],[0. 0. 0.],0.19315100177011665,0.2435958964026764,-0.00898185632387715,-0.09574553856274537,[-221.15591834  -67.31242001 -677.99045158],[0. 0. 0.]
606100558,AUDpo,7.593166708183848e-06,0.3797599790786699,-0.0072555923619168445,-0.004936676874688101,[-178.5219424    -2.50804534 -534.92966178],[0.         0.01214138 0.        ],0.0,0.24838145744532905,-0.00727236837297037,-0.02245034079310404,[-178.88502639  -10.83834513 -538.15930891],[0.00000000e+00 2.33068695e-27 0.00000000e+00]
559878074,VISam,0.8676108758593246,0.7843259114239102,-0.0028631936347938633,0.016875454537552126,[ -138.44741113    23.14914437 -1673.92157897],[0.00000000e+000 2.65650063e-118 0.00000000e+000],0.5541834003227296,0.6324391291966027,-0.0028920224505336878,0.01225484895523321,[ -137.32281847    15.69113368 -1666.60570734],[0.00000000e+00 1.96842958e-55 0.00000000e+00]
120916102,SSs,0.0,0.2429693811331291,-0.00466231588695881,-0.06902936975912805,[-111.4540911   -35.26606339 -623.14965957],[0.00000000e+000 4.41577483e-271 0.00000000e+000],0.0,0.16946097264890683,-0.004704420655651699,-0.07228782099840952,[-112.27084787  -35.04408381 -630.80399179],[0.00000e+000 1.00734e-267 0.00000e+000]
574941472,VISp,0.0,0.07850243120863065,-0.006103830892338683,-0.07659307539367258,[-207.55617873  -59.11434344 -784.66759278],[0. 0. 0.],0.0,0.041901359258315174,-0.006175641446649966,-0.08791052068906868,[-210.29361999  -64.58252658 -789.05139582],[0. 0. 0.]
294482052,VISp,0.0101090696119906,0.29874437583760427,-0.004849700037012412,-0.0284572795837586,[ -178.88915159   -25.3991063  -1053.48604851],[0.0000000e+000 5.9991991e-142 0.0000000e+000],0.0,0.17803541797363626,-0.004939197851718254,-0.04703767463608721,[ -181.84562975   -39.82980525 -1056.84798197],[0. 0. 0.]
287769286,ORBvl,1.0,0.8287072220144183,-0.004103545494620872,0.32109089443146477,[ -68.70631238  131.27394937 -462.63733528],[0. 0. 0.],1.0,0.7242114336058468,-0.00442769073110983,0.32888840905638533,[ -74.9837767   129.27416486 -471.8030203 ],[0. 0. 0.]
501006221,VISpm,0.32618901534437156,0.44258490215637053,-0.011598408412024863,-0.032218604054436384,[-249.98839355  -18.49764849 -470.05616662],[0.00000000e+00 2.73756103e-76 0.00000000e+00],0.0068809203471356705,0.2775731442711389,-0.011820379512142862,-0.06522748329411965,[-253.24736404  -35.38282104 -465.45017317],[0.00000000e+000 7.41888411e-273 0.00000000e+000]
478491090,ACAd,0.9999917560009786,0.829494278509608,-0.0059521609364273365,0.2792834157053906,[ -58.70557515   93.37515435 -344.24372714],[0. 0. 0.],0.9999917560009786,0.7802614815334123,-0.0038715102347414154,0.37496906078921755,[ -37.2567414   116.26831003 -363.13391024],[4.01034579e-302 0.00000000e+000 0.00000000e+000]
530574594,VISp,1.2142325785955092e-06,0.31880609008247424,-0.006842687802991743,-0.022634695563515772,[-179.20376391  -13.84522834 -669.01520168],[0.00000000e+00 1.46570944e-43 0.00000000e+00],0.0,0.20249785090239686,-0.006922354332743949,-0.04325078314787917,[-180.82686533  -25.08234479 -671.38853407],[0.00000000e+000 1.72961986e-138 0.00000000e+000]
530555292,VISp,0.0,0.11901707099160648,-0.005953164416871545,-0.07242880494120596,[-183.05615721  -49.99848337 -747.68877063],[0. 0. 0.],0.0,0.0760111057080734,-0.006021121803986923,-0.08441405571665123,[-185.20907463  -55.40750944 -753.1156868 ],[0. 0. 0.]
482578964,VISp,0.0,0.18506731999535564,-0.006177766817189997,-0.07009881802222168,[-207.89232787  -57.33861439 -879.07795966],[0. 0. 0.],0.0,0.11436459900441968,-0.0062927024699309456,-0.08861200948716919,[-211.94416524  -68.95509585 -885.07745753],[0. 0. 0.]
579203888,AUDpo,0.05742314873732339,0.2769958978394725,-0.007963715476955742,-0.06018808806987663,[-176.60367998  -27.46053475 -440.99244756],[0.00000000e+000 1.64551958e-165 0.00000000e+000],0.0,0.16348389288665455,-0.008003475246782535,-0.07900088647943505,[-177.70175723  -34.30200263 -444.89753279],[0.00000000e+000 1.19919521e-256 0.00000000e+000]
576332845,AUDp,0.04124009289419146,0.23721352550057823,-0.009500816642147067,-0.066826205931385,[-203.38225959  -28.9363464  -365.6780117 ],[0.00000000e+000 1.72302121e-183 0.00000000e+000],0.0,0.15244721659445112,-0.009532782777897219,-0.07507520897625364,[-204.16496171  -30.91454004 -369.64808882],[0.00000000e+000 4.83066206e-209 0.00000000e+000]
540145406,VISrl,0.8350590473130394,0.6654946105765284,-0.009981918491659704,0.10568281739871443,[-210.27762164   53.69245274 -496.19507785],[0. 0. 0.],0.4964530135287163,0.5411886634779841,-0.009934193127584574,0.10358625469920757,[-207.54648813   49.61062648 -497.02164764],[0. 0. 0.]
572588941,VISpm,0.5835203487379372,0.5715428522180164,-0.016247935226438703,-0.0021330907553359646,[-258.14685787   -0.95876896 -292.98618051],[0.         0.33767703 0.        ],0.16725281769098543,0.43491825370888054,-0.01643641851428062,-0.024873219469024044,[-257.52874754  -10.47964231 -288.33068919],[0.0000000e+00 1.0984917e-25 0.0000000e+00]
648253235,SSp-bfd,0.03305935509563467,0.43841248462541305,-0.005138373749232346,-0.0068464386370498675,[-136.17929839   -4.13754806 -749.70923619],[0.00000000e+00 3.51269588e-05 0.00000000e+00],0.0,0.3183014178292277,-0.005160441407123611,-0.01270175170185453,[-136.28392873   -7.27066789 -758.10011978],[0.00000000e+00 3.59823848e-13 0.00000000e+00]
272735030,SSp-bfd,0.9891011445960833,0.6593253296285101,-0.005645190019588755,0.021229472703590768,[-171.43953001   15.90256182 -918.33322205],[0.0000000e+00 6.9310071e-57 0.0000000e+00],0.7589751382748041,0.5297872485108628,-0.0056707515049397635,0.013422603083955043,[-170.74298878    9.47533251 -921.46711538],[0.00000000e+00 2.70392044e-21 0.00000000e+00]
266250195,VISp,0.0,0.19356352587763587,-0.007257101472556066,-0.06542507142469595,[-217.69610501  -48.34673228 -773.05854028],[0. 0. 0.],0.0,0.11063927485290587,-0.007397429232012212,-0.08987039236612321,[-222.17077666  -63.20015963 -775.89041011],[0. 0. 0.]
510834706,VISal,0.0,0.39882148929458583,-0.004569275265864479,-0.003590505767430252,[ -179.10903949    -3.00950007 -1048.57751028],[0.         0.00261731 0.        ],0.0,0.28295879401067986,-0.004592474723529921,-0.01736128968392786,[ -179.84562      -13.81858541 -1056.26246582],[0.00000000e+00 2.12165025e-43 0.00000000e+00]
286313491,ILA,0.9734048171964041,0.8522447053714597,-0.004949860327954157,0.10801952232412282,[ -83.6770655    52.49791413 -565.01063639],[0. 0. 0.],0.9705556020366104,0.8174385833921666,-0.004514122653698285,0.15430671878314217,[ -77.82452807   72.69662384 -603.54058025],[0. 0. 0.]
495562600,VISl,0.0,0.19303000940258405,-0.006235528480505938,-0.06572721555923178,[-193.53745668  -43.9414372  -720.65282791],[0. 0. 0.],0.0,0.123751230720963,-0.006286715340103654,-0.07809431361451341,[-195.3731361   -49.68870641 -726.52967123],[0. 0. 0.]
583747816,ACAd,0.9957204290837729,0.8931068590321986,-0.0071752746098891415,0.322773562774357,[ -88.85603569  119.42943178 -397.88012659],[0. 0. 0.],0.9957204290837729,0.8658494365807514,-0.005470462678540559,0.43701074879932533,[ -69.45000779  157.56702242 -440.89061173],[0. 0. 0.]
511550172,SSp-bfd,0.9173656595331935,0.7670462158312131,-0.006402302620688603,0.07306742131636323,[-161.01133356   46.28276151 -740.82735385],[0. 0. 0.],0.6036131192452886,0.629901381222536,-0.006402604091547803,0.06602304711845275,[-159.28427297   39.32303361 -741.29360941],[0. 0. 0.]
503809372,VISp,0.12383211904901911,0.5688173021318699,-0.0020087250330232988,0.002727778297877792,[ -121.14691584     4.09836411 -1974.59601769],[0.00000000e+00 4.16346376e-05 0.00000000e+00],0.00029157821422330817,0.39077223770673214,-0.0020500510974837023,-0.005993530041721262,[ -122.75751611    -8.49837044 -1981.73372141],[0.00000000e+00 1.94371658e-17 0.00000000e+00]
584895127,RSPd,0.9994369221248576,0.635140319185624,-0.006316069231677719,-0.025699343371075045,[-190.70468532  -22.97422363 -904.18659175],[0.00000000e+000 1.48586436e-116 0.00000000e+000],0.9986813319342973,0.5375882700105158,-0.00650806676623035,-0.042383240426051016,[-193.27560124  -35.42284941 -894.37676481],[0.00000000e+000 1.82222843e-273 0.00000000e+000]
182793477,MOs,0.9999109168365033,0.7482739141395949,-0.010357197089071662,0.10561724580560361,[-130.2592261    41.77156902 -348.47083979],[0. 0. 0.],0.9999109168365033,0.691582770742064,-0.009517596585505012,0.1516181648843622,[-116.454018     55.45211102 -358.26541395],[0. 0. 0.]
482581199,RSPd,0.10369640568972155,0.21210809150656537,-0.006883596922458737,-0.07133825238799474,[-206.24092209  -57.32707777 -795.33603338],[0. 0. 0.],0.0,0.07747875690903513,-0.007088211476559161,-0.1000731588792696,[-212.91671186  -76.63525162 -797.2301626 ],[0. 0. 0.]
648252402,VISpor,0.0,0.10199579183533526,-0.004794213789819798,-0.09780474193976735,[-159.67839779  -67.79923401 -750.87661662],[0. 0. 0.],0.0,0.06857979597775461,-0.004849431791496012,-0.09954674040677036,[-161.43016025  -65.55667811 -756.81037865],[0. 0. 0.]
657041814,SSp-bfd,0.2168979607959448,0.4204379660368959,-0.008371025760843443,-0.026499020565445952,[-181.35331312  -13.3988478  -547.20178255],[0.00000000e+00 6.56016926e-41 0.00000000e+00],0.052085884764950345,0.319489223289392,-0.008398720481267562,-0.030749839762838682,[-181.15042379  -14.71363118 -554.50474516],[0.00000000e+00 5.80026575e-49 0.00000000e+00]
496113850,RSPv,0.8363258914458324,0.5307363556725327,-0.008512997199293857,-0.046007309512915984,[-222.90813858  -34.02477266 -700.49247734],[0.00000000e+000 1.43561903e-252 0.00000000e+000],0.15286155754459824,0.290776473798904,-0.008827150372732379,-0.0829413575159661,[-230.28016332  -58.08875518 -695.37885708],[0. 0. 0.]
126117554,ACAv,1.0,0.931009082898213,-0.005720214987745727,0.17244996149426312,[ -70.46587013   73.36230255 -461.62906948],[0. 0. 0.],1.0,0.8880690593678752,-0.004707851061910427,0.22258342245156204,[ -56.88012813   88.27424615 -476.10525388],[0. 0. 0.]
646525997,RSPagl,0.6940157162939473,0.5247037681620759,-0.012854011032259464,-0.047982283662994174,[-250.69339823  -27.05920099 -446.65869023],[0.00000000e+000 8.82018093e-161 0.00000000e+000],0.2936092624607227,0.37445000724195093,-0.013132459493079805,-0.07385640976759722,[-252.78764931  -39.07399041 -441.08621146],[0. 0. 0.]
576341623,RSPagl,0.9206587848508964,0.7301137315951074,-0.009272546406370593,0.0392902859489781,[-189.97714274   23.57027339 -566.95277325],[0.00000000e+000 1.45555007e-122 0.00000000e+000],0.6235007916656753,0.614766949061469,-0.00929474916829829,0.033633406678540645,[-186.47132558   18.77942553 -561.72137129],[0.00000000e+00 1.43347177e-78 0.00000000e+00]
536298726,VISp,0.0,0.12787257397932014,-0.0087606390438443,-0.0873124414209171,[-251.96307196  -63.55890715 -644.91678142],[0. 0. 0.],0.0,0.07619908585417816,-0.008918732984573418,-0.1110141124576352,[-257.11719438  -76.99549178 -646.56348492],[0. 0. 0.]
479755622,VISp,0.0,0.1930865462995667,-0.009108006111151992,-0.07703361886196525,[-247.84999135  -49.84842909 -607.66890341],[0. 0. 0.],0.0,0.12215230710271621,-0.009247730182196216,-0.10364771437035247,[-252.08613794  -63.86149656 -610.35047196],[0. 0. 0.]
518606617,VISrl,0.7620439858294338,0.5982442512705479,-0.010173755564961466,0.07573500064475447,[-193.56301323   34.48374367 -432.33466493],[0.00000000e+000 2.44246373e-259 0.00000000e+000],0.5212598937777736,0.4835482373338799,-0.010135904159903298,0.07546231402748671,[-191.54605943   32.4397509  -434.71381474],[0.00000000e+000 7.08296658e-230 0.00000000e+000]
183330908,AIp,0.0,0.15916136885927307,-0.0051710388685035115,-0.09108130513640658,[-154.10150671  -61.44645207 -746.85944152],[0. 0. 0.],0.0,0.06465140733331953,-0.0051819598551071135,-0.12469162049380972,[-156.10057546  -80.82508664 -762.04475655],[0. 0. 0.]
571100135,VISam,0.7371614052650601,0.6067531614580467,-0.01720967805662841,0.031931150486120385,[-241.83232234   12.87372992 -242.20228231],[0.00000000e+00 6.69382545e-38 0.00000000e+00],0.4335914487406669,0.4955488189905238,-0.017301354485426405,0.01890289736625661,[-238.89562587    7.11810947 -238.68578803],[0.00000000e+00 1.10011006e-12 0.00000000e+00]
182090318,AUDp,0.04603678002117195,0.3375988374544812,-0.006096826398002924,-0.03423414960785648,[-176.22484345  -20.02040299 -688.10140326],[0.00000000e+00 5.07126482e-89 0.00000000e+00],0.0,0.2003761796262642,-0.006121316965068682,-0.053822623458253505,[-177.27016345  -29.97544039 -693.88653203],[0.00000000e+000 1.05057055e-196 0.00000000e+000]
510417993,VISp,0.0,0.05198718207058147,-0.003921918230881623,-0.054861143733684614,[ -167.36565988   -58.98473024 -1190.02731418],[0. 0. 0.],0.0,0.02000505943738995,-0.003996803200844501,-0.06294332262397373,[ -170.21134488   -64.19368252 -1193.84801769],[0. 0. 0.]
479700629,VISl,0.0,0.21019977679754812,-0.008102624869090448,-0.06037255530774327,[-221.31061412  -35.16566895 -574.21902522],[0.0000000e+000 1.4668041e-269 0.0000000e+000],0.0,0.14234024929963773,-0.008156019127006678,-0.07759556162855688,[-223.07099167  -43.01941734 -578.36201097],[0. 0. 0.]
590988082,VISpor,0.0,0.1317688130902557,-0.0021839947046324443,-0.02741037269890964,[ -150.3722249    -40.04573208 -1829.7501208 ],[0. 0. 0.],0.0,0.062120777416874384,-0.002200340711304989,-0.03338069728163329,[ -151.92496834   -46.48575006 -1842.9727436 ],[0. 0. 0.]
479701339,VISp,0.0009542693368036088,0.22909785151394108,-0.009207684105933811,-0.06986586407811735,[-252.43840692  -46.82844806 -628.21853704],[0. 0. 0.],0.0,0.14396774238063764,-0.009366444409927621,-0.09841224669187404,[-257.14164295  -62.78363811 -630.10219951],[0. 0. 0.]
479984127,VISp,0.0,0.16703857934733288,-0.010978268541395768,-0.0936696954450667,[-281.42964991  -59.9058924  -517.40208686],[0. 0. 0.],0.0,0.10056928371337708,-0.011165201689360669,-0.12468969597505614,[-287.18218892  -76.05292021 -518.12946576],[0. 0. 0.]
518605900,VISal,0.026882206406637087,0.37227782379512725,-0.01102304750161219,0.009576620001917557,[-230.65773659    4.26680983 -377.37606046],[0.00000000e+00 1.98435775e-05 0.00000000e+00],0.00021670636107252309,0.2731271606534882,-0.011040815095607403,-0.006927962582207847,[-230.6796866    -2.92953304 -378.48683823],[0.         0.00339534 0.        ]
583748537,SSp-bfd,0.1667167255654688,0.41355041176613916,-0.013132212407912324,-0.00870220940288205,[-221.6481441    -3.29916675 -267.57048908],[0.      0.00097 0.     ],0.043811696051151885,0.32574130029242043,-0.013085476547404096,0.007914585817341238,[-220.14756124    2.84289638 -273.58020974],[0.         0.00447129 0.        ]
575782182,RSPagl,0.8815212718260022,0.7259151602365617,-0.014442201163920924,0.09451332111739513,[-219.51862859   42.07714914 -325.35735855],[0. 0. 0.],0.6992218411297051,0.6346665275633441,-0.014286801818158631,0.10073394643698463,[-212.63308783   41.73947023 -323.95856106],[0. 0. 0.]
272698650,SSp-ll,1.0,0.6603206372563629,-0.0077989499447872045,-0.0034060695723951984,[-121.84453016   -1.5343023  -468.62847797],[0.         0.12495787 0.        ],1.0,0.6221487074187882,-0.007423512619325492,0.030101272477242758,[-113.72983417   12.63855118 -477.58067144],[0.00000000e+00 1.36373204e-36 0.00000000e+00]
524667618,VISam,0.9835681304557151,0.7145722734761257,-0.011228867113234123,0.05333096247818864,[-216.74614153   28.86529588 -487.3786351 ],[0.00000000e+000 1.32780283e-182 0.00000000e+000],0.8066584555980605,0.6037070558561178,-0.011255926051534944,0.04579768259660438,[-213.38668265   23.14039185 -483.76588294],[0.00000000e+000 3.25139222e-118 0.00000000e+000]
657172447,VISpor,0.0,0.1637216367454552,-0.008929551721087897,-0.09623987249342011,[-200.30157175  -44.72518836 -373.56238123],[0. 0. 0.],0.0,0.11376372749128628,-0.00898251569913579,-0.1048582313258077,[-201.72309141  -46.37271929 -376.88988251],[0. 0. 0.]
596253012,VISp,0.00012321952648605458,0.2796670326472582,-0.0054196381689299335,-0.03690292879770063,[-180.50906747  -29.66699464 -920.82885104],[0.00000000e+000 9.81735605e-193 0.00000000e+000],0.0,0.20152120386514524,-0.005492346178323164,-0.04951164133328251,[-182.33544983  -37.71069078 -926.08411326],[0.00000000e+000 1.95641773e-309 0.00000000e+000]
167794131,VISal,0.009202683112860065,0.32886073718791686,-0.006817632856885247,-0.008610413990991161,[-170.89125145   -4.8178973  -616.64371859],[0.00000000e+00 1.45251104e-06 0.00000000e+00],0.0,0.22322764225746475,-0.006863077206058327,-0.028525474802443274,[-171.70449853  -15.14268617 -617.94870958],[0.00000000e+00 9.42892771e-52 0.00000000e+00]
592540591,RSPv,0.9943495414590293,0.7536574472291769,-0.011495024787364354,-0.008384404546810442,[-248.67184211   -5.44888938 -543.86862092],[0.00000000e+00 5.07820594e-08 0.00000000e+00],0.9852146332443186,0.6724185543479257,-0.011702490537371574,-0.028017460344189726,[-248.41626898  -16.98280939 -534.68194487],[0.00000000e+00 1.30441203e-64 0.00000000e+00]
298179622,SSs,0.0,0.27220246784829855,-0.005316393447975132,-0.04990914436849364,[-120.93919662  -24.20459967 -576.58327286],[0.00000000e+000 3.99304245e-129 0.00000000e+000],0.0,0.20934792167399577,-0.005336541195769902,-0.0456974400915158,[-121.11841404  -21.0169631  -584.26170437],[0.00000000e+00 6.82251386e-98 0.00000000e+00]
478376911,ACAd,1.0,0.9101909962742569,-0.005977598148938924,0.21112013029528098,[ -83.04251547   95.21304141 -496.20329477],[0. 0. 0.],1.0,0.8839944457707575,-0.004278344067572028,0.30089454196533916,[ -59.43602195  128.98562581 -533.5759224 ],[0. 0. 0.]
166083557,VISpor,0.0,0.06790539504384394,-0.005118222402766279,-0.10195763531582494,[-157.26252547  -66.82928827 -712.95348714],[0. 0. 0.],0.0,0.03900326422249275,-0.005194013059280099,-0.10854109247338352,[-159.81958067  -67.72080211 -717.36731577],[0. 0. 0.]
479982715,VISp,0.0,0.13794654273871076,-0.006268958721877231,-0.06164376311358388,[-189.64182302  -42.18311152 -749.77207973],[0. 0. 0.],0.0,0.09792675907427024,-0.006321219794275768,-0.06912763600962757,[-191.02678336  -44.9175231  -755.69086503],[0. 0. 0.]
554334685,VISpor,0.0,0.1572449359304163,-0.0055811976086412515,-0.0749527565343533,[-169.52417466  -48.46630458 -674.35036703],[0. 0. 0.],0.0,0.11078278648023061,-0.005628898446740853,-0.07943117960131446,[-171.04007985  -48.83975919 -679.15399747],[0. 0. 0.]
657334568,VISrl,0.8880490626675004,0.6986920113074276,-0.009958075126697557,0.11722584234870265,[-202.90424299   59.39418288 -504.23233828],[0. 0. 0.],0.5872755772338172,0.5762646453632007,-0.0099056095790521,0.11487697875541403,[-199.81165634   54.76932694 -504.35618106],[0. 0. 0.]
168164230,RSPagl,0.0,0.09901313331397556,-0.005005797592683773,-0.059077042336389496,[ -184.83516012   -57.0005329  -1010.39931963],[0. 0. 0.],0.0,0.05826088834828617,-0.005119751757556756,-0.07270247283151576,[ -188.73775666   -66.56836685 -1011.60461493],[0. 0. 0.]
502074651,VISpm,0.6633557551318531,0.6357739356079865,-0.011535955125308271,0.06388061577867626,[-222.35159818   33.13893601 -452.56195711],[0.00000000e+000 9.34569385e-240 0.00000000e+000],0.41372206080179236,0.5252771955740957,-0.011585826403567447,0.0505395322470949,[-220.11365055   24.56370726 -448.57477027],[0.00000000e+000 6.46108618e-133 0.00000000e+000]
286482701,ACAv,1.0,0.8732837473743839,-0.004493083363257891,0.3920405971066395,[ -53.67527524  138.00558068 -402.8505583 ],[0. 0. 0.],1.0,0.8317685547870141,-0.0031964104317542333,0.49179555783874607,[ -39.16980566  168.79875856 -439.10351568],[0. 0. 0.]
272929308,VISrl,0.9355274486627889,0.6523873290522826,-0.007055605744595912,0.0680511507851525,[-181.45295372   42.64856418 -717.04841559],[0. 0. 0.],0.662754040984366,0.5272020766100923,-0.007046466537482679,0.05981629943313915,[-179.47555767   35.29007889 -716.53110396],[0.00000000e+000 1.90743611e-271 0.00000000e+000]
120875816,SSp-n,0.0,0.1338255521703368,-0.0063952403743779,-0.24117506933575694,[-124.05562196 -110.3237495  -504.37059437],[0. 0. 0.],0.0,0.08622451126922337,-0.00648477156185593,-0.24264575447587566,[-124.62616685 -104.52597866 -515.50472692],[0. 0. 0.]
166054929,RSPv,0.999817159350385,0.6810708174826734,-0.016846131721283603,-0.044642957727734967,[-267.10817311  -21.43721039 -306.21236459],[0.00000000e+000 9.23317212e-102 0.00000000e+000],0.999817159350385,0.6012437042739313,-0.017181654218322847,-0.07081715736127592,[-266.90402123  -31.66772929 -298.25954713],[0.00000000e+000 3.30240286e-219 0.00000000e+000]
566992832,VISp,0.018121711358164434,0.3696421623126509,-0.00025719593536575533,-0.0014283078675048078,[  -43.83494094    -6.02138424 -5862.09914595],[0.0000000e+00 1.7341857e-09 0.0000000e+00],0.0,0.19831891503878846,-0.0002664791547878492,-0.0032017843262859835,[  -45.12650456   -12.74790098 -5899.08517881],[0.00000000e+00 3.38082849e-37 0.00000000e+00]
166082842,MOp,1.0,0.6202992757578173,-0.00831520360231508,-0.04522019679341383,[-120.51549501  -19.86785819 -430.84989734],[0.00000000e+00 1.06034222e-87 0.00000000e+00],1.0,0.5742441312769185,-0.007921146761719663,-0.0157124662650273,[-111.71782494   -6.38538868 -438.02101295],[0.0000000e+00 1.7156814e-10 0.0000000e+00]
535692871,VISp,0.0,0.10222734135386628,-0.006724966094800652,-0.08029980177744989,[-226.20281285  -63.19301879 -807.08799323],[0. 0. 0.],0.0,0.05552862128085335,-0.006822603118966281,-0.09704691497478807,[-229.9797495   -72.74914871 -812.5590138 ],[0. 0. 0.]
563179067,AUDpo,0.3561153036508307,0.4271769867153767,-0.005615953793155631,-0.005311288800422198,[-178.57148879   -3.4547662  -770.60579249],[0.         0.00055096 0.        ],0.0,0.23480385476665303,-0.005641433739481836,-0.030235255540023598,[-179.47562286  -18.70336454 -775.28767409],[0.00000000e+00 5.96292658e-78 0.00000000e+00]
286314623,SSs,0.0,0.04804567359011565,-0.005042401586769073,-0.2562692039997169,[-121.78048378 -132.52218846 -605.26510991],[0. 0. 0.],0.0,0.022565131636673275,-0.005107104696630598,-0.25122951228635365,[-122.06946174 -122.21226832 -617.25684943],[0. 0. 0.]
496151571,MOs,1.0,0.9308878818143089,-0.006573390255012233,0.024716321395514246,[-150.13517344   19.68980398 -826.17457503],[0.00000000e+00 3.58047491e-86 0.00000000e+00],1.0,0.9157399211047073,-0.005989879884823203,0.05083498751635301,[-129.48658367   36.43291091 -814.40721421],[0.00000000e+000 4.48389951e-289 0.00000000e+000]
501115762,VISp,0.0,0.10219434451686314,-0.00743094779924364,-0.08234936329171305,[-230.31767219  -63.95425368 -752.35175378],[0. 0. 0.],0.0,0.05593837976680151,-0.007569132070336715,-0.10256573985650042,[-234.96992432  -75.83236747 -755.55261409],[0. 0. 0.]
603479758,VISp,0.0,0.0996754317036333,-0.006219669491232753,-0.0792987180980731,[-202.9093769   -60.10842652 -777.45358335],[0. 0. 0.],0.0,0.05764867254305287,-0.0063014681228082126,-0.09146338360566159,[-205.75976051  -65.95691201 -781.83392657],[0. 0. 0.]
156741826,ORBl,0.9578701085366608,0.8208832804218588,-0.008062401513157947,0.2615876715269744,[-139.52971928  107.75058199 -422.28478567],[0. 0. 0.],0.8703129358232938,0.6915020577356249,-0.008443306025646483,0.2503880894457139,[-146.89303882   98.55130325 -425.52052417],[0. 0. 0.]
536299435,VISp,0.04840228852886145,0.29040954356883664,-0.008855734759274304,-0.0431095601610878,[-223.57941415  -25.81732838 -587.55555012],[0.00000000e+000 1.39450394e-146 0.00000000e+000],0.0,0.1873027329148711,-0.008973315744836303,-0.06941227823089724,[-226.27758265  -39.46529373 -588.87563454],[0. 0. 0.]
657042668,VISp,0.7382931895567482,0.6623468889149484,-0.012007030248321967,0.12267120199562442,[-228.91447921   59.76494823 -426.13217837],[0. 0. 0.],0.5078802276734528,0.5386971084242157,-0.011984928098390442,0.11331411010480147,[-225.5428718    51.79691568 -422.88174363],[0. 0. 0.]
479983421,VISp,0.0446469540506355,0.26358051631044505,-0.00762225729996896,-0.039370529944559085,[-206.76172704  -25.53603175 -676.83896955],[0.0000000e+000 1.8588853e-143 0.0000000e+000],0.0,0.17221589925982167,-0.0077235858898868255,-0.06061455254182735,[-209.08328976  -37.29347192 -679.14594443],[0.00000000e+000 1.03461974e-302 0.00000000e+000]
501004474,VISp,0.3589334735810637,0.5056512160211483,-0.008246838149745795,-0.0023215641800997666,[-217.14005626   -1.5524926  -681.04905985],[0.         0.12054697 0.        ],0.1729721273014351,0.3637499602610602,-0.008367370309800774,-0.02473292185325121,[-218.71965486  -15.60740078 -678.93950994],[0.00000000e+00 7.31767677e-55 0.00000000e+00]
562061175,VISp,0.28323583195380697,0.4796803186999234,-0.007297023233620394,-0.0018725554617884943,[-201.03738641   -1.27680488 -735.7109765 ],[0.         0.20167355 0.        ],0.12474926887575909,0.34547791582704496,-0.007401366623442816,-0.02356944399844718,[-202.67809665  -15.18318717 -735.35130393],[0.00000000e+00 5.09453537e-52 0.00000000e+00]
159753308,VISam,0.8700278131162712,0.5936501015059491,-0.010608176085916021,0.0027362729417981235,[-227.01172346    1.63982305 -543.08541542],[0.         0.10104452 0.        ],0.6103645023343798,0.48014142982023117,-0.010741681058022597,-0.013225674321166725,[-226.16731845   -7.4125117  -537.43207593],[0.0000000e+00 1.2471815e-13 0.0000000e+00]
562521707,RSPd,0.33933842872507075,0.34662146550891265,-0.008325977366191662,-0.07030097952124548,[-199.09945497  -46.26001595 -594.84830111],[0. 0. 0.],4.6219080021123624e-05,0.18745197234509045,-0.008577543768391756,-0.10028544086228308,[-204.43250472  -62.51646571 -591.84756692],[0. 0. 0.]
159832064,RSPv,0.9976576424172257,0.8925078145661641,-0.017539139968017835,0.06594364790011087,[-254.66289111   32.52863938 -335.39846123],[0.00000000e+000 4.03341107e-231 0.00000000e+000],0.9976576424172257,0.8601951124438908,-0.01719485211745406,0.08155783373029535,[-240.26827885   36.80096432 -332.04935889],[0.00000000e+000 7.20038036e-295 0.00000000e+000]
546103149,VISp,0.0,0.23858335322950994,-0.009869981487401293,-0.06174023063525691,[-248.37662397  -38.57331925 -539.21459228],[0. 0. 0.],0.0,0.1600818248101371,-0.010012324264600359,-0.08586251370455855,[-251.5850734   -50.9140813  -539.37704682],[0. 0. 0.]
576340889,VISpor,0.0,0.11632977126905893,-0.0054547925834167454,-0.08900366211660693,[-174.14483338  -59.67691234 -721.88843906],[0. 0. 0.],0.0,0.07306850341621711,-0.005507191409440193,-0.09629007747778606,[-176.01110639  -61.4352344  -728.20741104],[0. 0. 0.]
656959718,VISa,0.9887279504585905,0.7916494563566971,-0.006468991064697352,0.0709347568510057,[-186.00095426   53.15774529 -860.20144135],[0. 0. 0.],0.8775310747299109,0.6887815729423238,-0.006440600751142556,0.0686404883553024,[-182.78180966   48.25871701 -860.711599  ],[0. 0. 0.]
286417464,VISpl,0.0,0.04470100913943273,-0.0014508613932776929,-0.02205972504489484,[ -120.5895254    -41.43962153 -2368.52260264],[0. 0. 0.],0.0,0.023778741466643275,-0.0014709230294487723,-0.023353165288358874,[ -122.29076402   -41.7101214  -2375.10748892],[0. 0. 0.]
562671482,AUDp,0.10014616027014261,0.30274445917877923,-0.00974753670810555,-0.029668510246579405,[-204.75220401  -12.65348687 -370.2852455 ],[0.00000000e+00 1.12797915e-36 0.00000000e+00],0.0,0.1974549773830972,-0.009766559392072185,-0.04168782802190618,[-205.18109081  -16.9022977  -373.50448104],[0.00000000e+00 5.11084458e-64 0.00000000e+00]
297652799,SSp-ll,0.9487205961784354,0.7141765012854613,-0.006868900221217818,0.010747172665923121,[-116.63581241    5.30116361 -528.33475178],[0.00000000e+00 1.15264326e-07 0.00000000e+00],0.9485737788601246,0.6787899271450096,-0.006568226512217634,0.035501313730154666,[-109.12188854   16.28547437 -534.29980552],[0.00000000e+00 1.44475141e-59 0.00000000e+00]
168163498,SSs,0.0,0.08343790016907032,-0.005762408473939193,-0.39470608822957376,[-105.09732618 -151.76016881 -366.87753778],[0. 0. 0.],0.0,0.0321995665048608,-0.005898476564884345,-0.4324896045098626,[-108.33925751 -159.17614579 -380.43101193],[0. 0. 0.]
517072832,VISp,0.0,0.1305335278678308,-0.0011466034969696039,-0.01615904104021776,[ -106.47548011   -36.39126226 -2951.04554346],[0.00000000e+000 2.01256769e-288 0.00000000e+000],0.0,0.08829702008955345,-0.001166606235531907,-0.01851039185863146,[ -107.9149529    -39.47099747 -2966.85072931],[0. 0. 0.]
121510421,VISp,0.0,0.1180998399824841,-0.0044096028334305384,-0.05008900642059516,[ -189.78301428   -51.68856846 -1189.3669026 ],[0. 0. 0.],0.0,0.07657702024316641,-0.004480700308256071,-0.060116985135344136,[ -192.67495923   -58.91566167 -1194.57477446],[0. 0. 0.]
562520963,VISl,8.393262127284385e-06,0.2703572482845705,-0.005760744900725274,-0.0302601093732367,[-177.99703374  -20.33068893 -766.25068815],[0.0000000e+00 9.7426466e-92 0.0000000e+00],0.0,0.19286826248349578,-0.00580124879057551,-0.04406725805957168,[-179.15869915  -28.12806685 -771.75016554],[0.00000000e+000 1.57922567e-173 0.00000000e+000]
593016678,VISp,0.0,0.061715847030901584,-0.005964799066464469,-0.08622559872918384,[-194.99322577  -64.88343513 -759.51033595],[0. 0. 0.],0.0,0.03361738909885325,-0.006044387460250079,-0.09620144951669926,[-197.78084141  -68.87274882 -763.45014039],[0. 0. 0.]
183171679,SSp-bfd,1.0,0.7718994587630476,-0.0014489323471359988,0.006396648857136367,[ -100.20730487    11.43217057 -2505.69813101],[0.00000000e+00 2.99130795e-30 0.00000000e+00],0.9958501862029614,0.6626639628881685,-0.0014596667207603282,0.004106164709770432,[  -99.84627807     6.89921084 -2518.50030541],[0.00000000e+00 5.25430888e-12 0.00000000e+00]
478582494,ORBm,0.9927736944110223,0.7578216139889471,-0.0030858594684144286,0.25388864865113736,[ -49.52630106  100.1088601  -458.27720801],[0. 0. 0.],0.9927630391782273,0.6722222472591438,-0.003137756959428438,0.2842327769667288,[ -51.44528544  108.82530351 -480.24755061],[0. 0. 0.]
120814821,MOs,0.5519700067438539,0.3042757948508953,-0.015244238240540019,-0.4227862658937338,[-199.96655852 -145.13901124 -199.70031864],[0. 0. 0.],0.3125067949960378,0.20145350551352517,-0.015741237466284932,-0.485205743877694,[-209.09757451 -160.32736995 -207.4845377 ],[0. 0. 0.]
303785454,SSp-m,0.0,0.05060714768057477,-0.00227851737451883,-0.07052687377037373,[ -121.79303083   -86.14743795 -1761.51784929],[0. 0. 0.],0.0,0.01911746741544324,-0.002293349958708996,-0.07207682674583338,[ -122.03190033   -83.30600456 -1796.82077691],[0. 0. 0.]
646525156,RSPagl,0.9766697061960368,0.6860893506832639,-0.013385192583350573,0.042382946710859404,[-208.10779986   19.59114945 -355.52342306],[0.00000000e+00 2.48300137e-85 0.00000000e+00],0.8470383502426426,0.5852449133414612,-0.013432388220673455,0.03469814600378218,[-203.97506639   14.89001448 -350.72314151],[0.0000000e+00 4.2314255e-50 0.0000000e+00]
479673887,VISl,0.0,0.21952409211508397,-0.00989784441114832,-0.04424163292775729,[-223.67029959  -21.56492606 -427.12187838],[0.00000000e+000 5.95204228e-103 0.00000000e+000],0.0,0.15656373288371667,-0.009943600103676235,-0.06300151116639138,[-224.82169583  -29.20482649 -429.0750577 ],[0.00000000e+000 7.34156133e-187 0.00000000e+000]
503323656,VISp,0.0,0.053227584775808114,-0.003456105672599661,-0.04876967797697662,[ -166.34738654   -54.44076812 -1330.84426505],[0. 0. 0.],0.0,0.033064517598865584,-0.0035012863195569253,-0.05321628655124966,[ -168.25169942   -56.37437651 -1338.20758567],[0. 0. 0.]
298178204,VISpor,0.0,0.15430628889249215,-0.007463234074391471,-0.09862095740017311,[-162.33269254  -44.73879286 -406.83866936],[0. 0. 0.],0.0,0.1061573241890085,-0.007530557905304516,-0.10748153586641215,[-164.08840658  -46.42807673 -409.52264945],[0. 0. 0.]
286312782,SSp-ul,0.0,0.12772469712253492,-0.0058598625614036375,-0.15792036097898574,[-169.19224644 -118.42718025 -896.66599332],[0. 0. 0.],0.0,0.08539847367561862,-0.005913593822292115,-0.16307538775128028,[-169.1876186  -115.1822893  -916.31219163],[0. 0. 0.]
161458737,ACAv,1.0,0.9536984298680057,-0.005786282273735302,0.21750146905229606,[ -80.86184579   95.24376613 -503.17329405],[0. 0. 0.],1.0,0.9329992241657219,-0.004545106926555104,0.2963549539036291,[ -64.22832374  124.73403497 -541.01213878],[0. 0. 0.]
168162771,MOs,1.0,0.6551260542842109,-0.007920174214882773,0.0433396033997826,[ -96.65118194   14.99999481 -326.03605433],[0.00000000e+00 8.14300803e-51 0.00000000e+00],1.0,0.5738592395199945,-0.008123885809929253,0.029666725258413296,[ -97.78099381    9.62617945 -327.59416383],[0.00000000e+00 6.31038688e-22 0.00000000e+00]
524874308,VISrl,0.5349194393011495,0.5890316777197577,-0.00957579334338703,0.07540904396737125,[-191.15368369   35.68489472 -462.16144507],[0.00000000e+000 1.78779459e-277 0.00000000e+000],0.25935771716544137,0.4494996547152362,-0.00956361845559452,0.06843108971189332,[-189.58798286   30.5671582  -462.91415224],[0.00000000e+000 1.95579862e-204 0.00000000e+000]
648050335,VISpor,0.0,0.06056907929997512,-0.004267459395005927,-0.08534756203570737,[-159.52990036  -67.28848951 -920.55283676],[0. 0. 0.],0.0,0.031220780829664306,-0.0043180007478458085,-0.08933155562724113,[-161.402897    -66.93764644 -928.27317727],[0. 0. 0.]
597007143,VISa,0.9517653367524925,0.7489818038951238,-0.012020661673953447,0.09393086370910803,[-244.61443448   52.6689825  -491.40264444],[0. 0. 0.],0.7987720980071475,0.643676681052525,-0.01197648684490335,0.09077430616875037,[-239.5239751    47.54833992 -488.39247475],[0. 0. 0.]
606785720,MOs,0.007022471116174431,0.12507024415971973,-0.011592481450182525,-0.4163245955542601,[-202.39719678 -179.47715241 -343.59956261],[0. 0. 0.],0.0,0.038309153955781126,-0.01190016985147932,-0.47855367365733603,[-213.7351013  -201.7262103  -365.56932074],[0. 0. 0.]
272930013,VISp,0.0,0.07474659638684865,-0.0002709274695979133,-0.005018379506129711,[  -46.25547594   -20.45772635 -5315.42189244],[0.00000000e+00 7.32143351e-93 0.00000000e+00],0.0,0.06099351430577949,-0.00027530093261740954,-0.004796673991576961,[  -46.86380062   -18.53163524 -5323.97442209],[0.00000000e+00 1.45898393e-76 0.00000000e+00]
482580380,VISl,0.0,0.10213345069935649,-0.0052777704491183235,-0.08644535571816098,[-163.47121772  -58.54574807 -767.64954745],[0. 0. 0.],0.0,0.06367320005892033,-0.005340019743720885,-0.09341034401683465,[-165.28229649  -60.08987582 -774.41180303],[0. 0. 0.]
496576666,ACAd,0.9999920967048972,0.8730463257508356,-0.006772852199124338,0.2481324557485226,[ -76.32846679   91.95712062 -385.36810937],[0. 0. 0.],0.9999920967048972,0.8348138660745528,-0.004845519729199187,0.340848697565008,[ -53.50310089  117.63784006 -407.79751211],[0. 0. 0.]
661987195,VISpor,0.0,0.10569061620294555,-0.007225336981708647,-0.11729898975544029,[-202.53340175  -69.96357955 -593.05871695],[0. 0. 0.],0.0,0.06397403462842838,-0.007300744979499911,-0.12724655093464304,[-204.82167957  -72.20278167 -598.92546807],[0. 0. 0.]
584511827,VISp,0.002844730673000785,0.19991707265922767,-0.014097787704837373,-0.0968659720447258,[-301.95817215  -51.98461259 -352.82318346],[0. 0. 0.],0.0,0.12504913394286452,-0.01430993688188947,-0.13441902943224812,[-307.3643991   -68.76133753 -351.09093083],[0. 0. 0.]
479980810,VISl,0.0,0.2075808365702697,-0.009745916167316456,-0.06430156040053711,[-223.2471637   -31.83884059 -424.87418713],[0.00000000e+000 1.49964937e-221 0.00000000e+000],0.0,0.1439128216202003,-0.009803094833282861,-0.08319149512866447,[-224.82488937  -39.20058372 -427.2396133 ],[0. 0. 0.]
510417255,VISp,0.0,0.05768473754991788,-0.0033219693665510197,-0.04437728308649047,[ -159.35978277   -52.22757429 -1344.63495261],[0. 0. 0.],0.0,0.023013647377547845,-0.0033762879596966437,-0.050847156117401926,[ -161.75509093   -56.80690809 -1349.55899801],[0. 0. 0.]
593277684,VISpl,0.0,0.06854843176475099,-0.00857122203516613,-0.13925957400743255,[-231.45732793  -87.64587411 -547.93156523],[0. 0. 0.],0.0,0.03153238255452423,-0.008706164176018723,-0.15808382426513048,[-235.98447007  -94.9253474  -551.79764609],[0. 0. 0.]
263106036,PL,1.0,0.8001975234106642,-0.007819240353254424,0.07472086461875638,[-122.52980154   30.30690876 -437.95520585],[0.00000000e+000 5.12244426e-201 0.00000000e+000],1.0,0.723010349703172,-0.007816827700803747,0.08218496997586544,[-123.74566905   32.00917063 -456.70839657],[0.00000000e+000 6.78480685e-224 0.00000000e+000]
485237081,VISpm,0.43570100446137777,0.49909206099812564,-0.009816196210255673,-0.020478816068389194,[-236.77618739  -13.12470588 -590.95158666],[0.0000000e+00 2.5261283e-39 0.0000000e+00],0.0008552045347569231,0.34405121154043855,-0.010007120465807338,-0.04846203978820762,[-239.58911069  -29.30282865 -586.85622426],[0.00000000e+000 4.24460956e-188 0.00000000e+000]
480069939,VISp,0.0,0.16791948300897816,-0.008336337851167108,-0.0785302881853212,[-225.55169471  -48.7403422  -568.1648446 ],[0. 0. 0.],0.0,0.11658646415703625,-0.008418431909203349,-0.09395807096115577,[-227.94996829  -55.4731702  -571.4686816 ],[0. 0. 0.]
591535205,RSPv,1.0,0.8104600822544111,-0.01222005689315444,-0.0005255999953398538,[-2.22327765e+02 -3.11257351e-01 -4.93570454e+02],[0.         0.75560551 0.        ],1.0,0.7608659896215811,-0.012350663280369246,-0.009034300704602982,[-216.62382905   -4.9024621  -481.21767404],[0.00000000e+00 9.47629249e-07 0.00000000e+00]
303784745,RSPv,0.4242523053802009,0.36412168879263884,-0.004010695445109853,-0.03925109902109869,[ -156.42961451   -44.45731334 -1255.23733283],[0. 0. 0.],0.026304193946324203,0.09781541108032378,-0.0042050258718494965,-0.06217530287416345,[ -163.78817104   -66.84729511 -1255.83175059],[0. 0. 0.]
249327301,SSp-n,0.0,0.08031266567089292,-0.007433699350231707,-0.30555847480655207,[-146.58328252 -139.69310753 -474.13330847],[0. 0. 0.],0.0,0.0439612854999846,-0.0075196680242214375,-0.3114831179825361,[-146.99016327 -134.17922476 -487.5422885 ],[0. 0. 0.]
562674923,RSPagl,0.9257781749854153,0.6923590731303173,-0.011036514534813174,0.06487119780627237,[-176.99324959   30.4548722  -399.4727731 ],[0.0000000e+000 5.8833932e-203 0.0000000e+000],0.7401064817626255,0.590983073864797,-0.011038760890703748,0.05899111542072161,[-173.11994233   25.74266159 -394.78470097],[0.00000000e+000 9.48769348e-146 0.00000000e+000]
167902586,ORBvl,0.9304879150346926,0.7511596168783266,-0.0058147680864513475,0.3460808719595637,[ -72.58705743  105.3516971  -291.19057836],[0. 0. 0.],0.9304879150346926,0.6328458130718946,-0.006261132589352649,0.33992347996213795,[ -78.78996984   99.15082006 -291.90709272],[0. 0. 0.]
524666904,VISal,0.0,0.424852854067232,-0.0069717437854817845,0.012070284774352735,[-201.44685284    7.49374435 -687.70981637],[0.00000000e+00 6.73806995e-14 0.00000000e+00],0.0,0.31771397814309243,-0.006989774258789366,-0.002435783304137462,[-201.54042773   -1.43436582 -690.84757555],[0.         0.15147043 0.        ]
523718075,RSPd,0.00011065419061893471,0.017691874103256015,-0.0014773002728998424,-0.02269482123030947,[  -99.32709913   -38.96613102 -2068.28828306],[0. 0. 0.],0.0,0.00996016692458479,-0.0015030235222466964,-0.02412988770257396,[ -100.62850371   -39.21317892 -2071.62312934],[0. 0. 0.]
166082128,MOs,0.07701394745201137,0.14902988533243736,-0.014834995568989533,-0.5559835011891322,[-223.10521958 -197.4223721  -191.86529446],[0. 0. 0.],0.0,0.027092309492599404,-0.015245640820172913,-0.6656287751033132,[-242.50007544 -237.613111   -207.79860713],[0. 0. 0.]
263242463,MOs,0.06414528216588299,0.28984264806462107,-0.014240786937737716,-0.39567487029562215,[-253.2532054  -162.87965082 -241.855234  ],[0. 0. 0.],0.006277171538123019,0.09812706996315772,-0.014900788926059255,-0.523967292881578,[-286.43913999 -221.61269825 -257.14256291],[0. 0. 0.]
601476074,VISp,0.0,0.09296707260877492,-0.009585656339943037,-0.10086270412874801,[-251.50647707  -63.19287455 -533.97066155],[0. 0. 0.],0.0,0.05245352463453225,-0.009709783302160813,-0.12271688413688883,[-255.54167614  -73.30383093 -536.274467  ],[0. 0. 0.]
183173527,VISp,0.7123160162991449,0.654039858011694,-0.001115881432477893,0.005257774518527436,[  -89.6476691     10.68544371 -2758.39950865],[0.0000000e+00 1.2232375e-26 0.0000000e+00],0.33649764727082804,0.47364577754693127,-0.0011307905558488596,0.0015774690071139186,[  -90.01418977     3.01939032 -2764.49374041],[0.         0.00253336 0.        ]
656632388,VISp,0.5693480132396481,0.7290428377218706,-0.0076331864827299326,0.10355166546422329,[-181.81006765   62.81488188 -661.36157141],[0. 0. 0.],0.2472117824419967,0.6030945779484745,-0.007613360878286044,0.09558946370822191,[-179.06260127   54.42417666 -658.59499513],[0. 0. 0.]
580150240,VISp,0.0,0.07210001823902147,-0.0030019955282902452,-0.036273159614935546,[ -158.51401764   -44.42676634 -1422.38344188],[0. 0. 0.],0.0,0.030704917677146906,-0.0030404080836916834,-0.04325365088990146,[ -160.66974292   -50.3949062  -1428.91462868],[0. 0. 0.]
598604288,MOs,0.014914679745063001,0.1228530802484061,-0.00680368027772096,-0.22600575090477545,[-181.56828244 -148.29575118 -724.66822512],[0. 0. 0.],0.0,0.03826055594929689,-0.0069323198140349915,-0.2554587913756442,[-187.94448642 -161.86201708 -761.49437989],[0. 0. 0.]
642809043,AUDpo,0.0,0.11145299865615378,-0.0026394437158163576,-0.05528253603590316,[ -124.99968382   -54.21675629 -1307.83562955],[0. 0. 0.],0.0,0.048153593353458396,-0.002668227652086347,-0.05989060573525096,[ -126.40082717   -55.84634707 -1322.37783308],[0. 0. 0.]
554421791,AUDpo,0.19605323092402532,0.28139223166138083,-0.010372160370470469,-0.04272627852474864,[-191.09220244  -15.99130219 -283.52798314],[0.00000000e+00 1.67912399e-57 0.00000000e+00],0.0,0.18275924234324045,-0.010398317094746742,-0.05633626759365026,[-191.63246157  -20.0479088  -285.67815776],[0.00000000e+00 2.92402673e-89 0.00000000e+00]
479756361,VISp,0.0,0.23641243831417674,-0.009256883722616575,-0.06636251730947762,[-250.25405788  -43.29063738 -616.01646796],[0. 0. 0.],0.0,0.1537751555189741,-0.009399285298631543,-0.09306604000450308,[-254.26037859  -57.74174002 -618.04571976],[0. 0. 0.]
296048512,AId,0.8158477331103052,0.5492573305513927,-0.008751543723123999,-0.014999656123284933,[-194.89445705   -7.89457191 -510.75509018],[0.00000000e+00 2.93690783e-15 0.00000000e+00],0.020638276276793426,0.2542811280514149,-0.009076321878665236,-0.1000409885144104,[-205.56153801  -50.89819382 -518.15823502],[0. 0. 0.]
503069254,VISp,0.0,0.20679373775946505,-0.004655420034321896,-0.038672143990006125,[ -170.4431801    -33.39608082 -1023.58163035],[0.0000000e+000 1.9282161e-243 0.0000000e+000],0.0,0.12939972245839035,-0.004720783682805072,-0.051820914113343775,[ -172.6016038    -42.47880179 -1030.33555799],[0. 0. 0.]
